--
-- PostgreSQL database dump
--

-- Dumped from database version 17.0
-- Dumped by pg_dump version 17.0

SET statement_timeout = 0;
SET lock_timeout = 0;
SET idle_in_transaction_session_timeout = 0;
SET transaction_timeout = 0;
SET client_encoding = 'UTF8';
SET standard_conforming_strings = on;
SELECT pg_catalog.set_config('search_path', '', false);
SET check_function_bodies = false;
SET xmloption = content;
SET client_min_messages = warning;
SET row_security = off;

SET default_tablespace = '';

SET default_table_access_method = heap;

--
-- Name: auth_group; Type: TABLE; Schema: public; Owner: postgres
--

CREATE TABLE public.auth_group (
    id integer NOT NULL,
    name character varying(150) NOT NULL
);


ALTER TABLE public.auth_group OWNER TO postgres;

--
-- Name: auth_group_id_seq; Type: SEQUENCE; Schema: public; Owner: postgres
--

ALTER TABLE public.auth_group ALTER COLUMN id ADD GENERATED BY DEFAULT AS IDENTITY (
    SEQUENCE NAME public.auth_group_id_seq
    START WITH 1
    INCREMENT BY 1
    NO MINVALUE
    NO MAXVALUE
    CACHE 1
);


--
-- Name: auth_group_permissions; Type: TABLE; Schema: public; Owner: postgres
--

CREATE TABLE public.auth_group_permissions (
    id bigint NOT NULL,
    group_id integer NOT NULL,
    permission_id integer NOT NULL
);


ALTER TABLE public.auth_group_permissions OWNER TO postgres;

--
-- Name: auth_group_permissions_id_seq; Type: SEQUENCE; Schema: public; Owner: postgres
--

ALTER TABLE public.auth_group_permissions ALTER COLUMN id ADD GENERATED BY DEFAULT AS IDENTITY (
    SEQUENCE NAME public.auth_group_permissions_id_seq
    START WITH 1
    INCREMENT BY 1
    NO MINVALUE
    NO MAXVALUE
    CACHE 1
);


--
-- Name: auth_permission; Type: TABLE; Schema: public; Owner: postgres
--

CREATE TABLE public.auth_permission (
    id integer NOT NULL,
    name character varying(255) NOT NULL,
    content_type_id integer NOT NULL,
    codename character varying(100) NOT NULL
);


ALTER TABLE public.auth_permission OWNER TO postgres;

--
-- Name: auth_permission_id_seq; Type: SEQUENCE; Schema: public; Owner: postgres
--

ALTER TABLE public.auth_permission ALTER COLUMN id ADD GENERATED BY DEFAULT AS IDENTITY (
    SEQUENCE NAME public.auth_permission_id_seq
    START WITH 1
    INCREMENT BY 1
    NO MINVALUE
    NO MAXVALUE
    CACHE 1
);


--
-- Name: django_admin_log; Type: TABLE; Schema: public; Owner: postgres
--

CREATE TABLE public.django_admin_log (
    id integer NOT NULL,
    action_time timestamp with time zone NOT NULL,
    object_id text,
    object_repr character varying(200) NOT NULL,
    action_flag smallint NOT NULL,
    change_message text NOT NULL,
    content_type_id integer,
    user_id bigint NOT NULL,
    CONSTRAINT django_admin_log_action_flag_check CHECK ((action_flag >= 0))
);


ALTER TABLE public.django_admin_log OWNER TO postgres;

--
-- Name: django_admin_log_id_seq; Type: SEQUENCE; Schema: public; Owner: postgres
--

ALTER TABLE public.django_admin_log ALTER COLUMN id ADD GENERATED BY DEFAULT AS IDENTITY (
    SEQUENCE NAME public.django_admin_log_id_seq
    START WITH 1
    INCREMENT BY 1
    NO MINVALUE
    NO MAXVALUE
    CACHE 1
);


--
-- Name: django_content_type; Type: TABLE; Schema: public; Owner: postgres
--

CREATE TABLE public.django_content_type (
    id integer NOT NULL,
    app_label character varying(100) NOT NULL,
    model character varying(100) NOT NULL
);


ALTER TABLE public.django_content_type OWNER TO postgres;

--
-- Name: django_content_type_id_seq; Type: SEQUENCE; Schema: public; Owner: postgres
--

ALTER TABLE public.django_content_type ALTER COLUMN id ADD GENERATED BY DEFAULT AS IDENTITY (
    SEQUENCE NAME public.django_content_type_id_seq
    START WITH 1
    INCREMENT BY 1
    NO MINVALUE
    NO MAXVALUE
    CACHE 1
);


--
-- Name: django_migrations; Type: TABLE; Schema: public; Owner: postgres
--

CREATE TABLE public.django_migrations (
    id bigint NOT NULL,
    app character varying(255) NOT NULL,
    name character varying(255) NOT NULL,
    applied timestamp with time zone NOT NULL
);


ALTER TABLE public.django_migrations OWNER TO postgres;

--
-- Name: django_migrations_id_seq; Type: SEQUENCE; Schema: public; Owner: postgres
--

ALTER TABLE public.django_migrations ALTER COLUMN id ADD GENERATED BY DEFAULT AS IDENTITY (
    SEQUENCE NAME public.django_migrations_id_seq
    START WITH 1
    INCREMENT BY 1
    NO MINVALUE
    NO MAXVALUE
    CACHE 1
);


--
-- Name: django_session; Type: TABLE; Schema: public; Owner: postgres
--

CREATE TABLE public.django_session (
    session_key character varying(40) NOT NULL,
    session_data text NOT NULL,
    expire_date timestamp with time zone NOT NULL
);


ALTER TABLE public.django_session OWNER TO postgres;

--
-- Name: lottery_consolationprize; Type: TABLE; Schema: public; Owner: postgres
--

CREATE TABLE public.lottery_consolationprize (
    id bigint NOT NULL,
    amount numeric(12,2) NOT NULL,
    ticket_number character varying(20) NOT NULL,
    draw_id bigint NOT NULL,
    created_at timestamp with time zone NOT NULL,
    updated_at timestamp with time zone NOT NULL
);


ALTER TABLE public.lottery_consolationprize OWNER TO postgres;

--
-- Name: lottery_consolationprize_id_seq; Type: SEQUENCE; Schema: public; Owner: postgres
--

ALTER TABLE public.lottery_consolationprize ALTER COLUMN id ADD GENERATED BY DEFAULT AS IDENTITY (
    SEQUENCE NAME public.lottery_consolationprize_id_seq
    START WITH 1
    INCREMENT BY 1
    NO MINVALUE
    NO MAXVALUE
    CACHE 1
);


--
-- Name: lottery_eighthprize; Type: TABLE; Schema: public; Owner: postgres
--

CREATE TABLE public.lottery_eighthprize (
    id bigint NOT NULL,
    amount numeric(12,2) NOT NULL,
    number character varying(4) NOT NULL,
    draw_id bigint NOT NULL,
    created_at timestamp with time zone NOT NULL,
    updated_at timestamp with time zone NOT NULL
);


ALTER TABLE public.lottery_eighthprize OWNER TO postgres;

--
-- Name: lottery_eighthprize_id_seq; Type: SEQUENCE; Schema: public; Owner: postgres
--

ALTER TABLE public.lottery_eighthprize ALTER COLUMN id ADD GENERATED BY DEFAULT AS IDENTITY (
    SEQUENCE NAME public.lottery_eighthprize_id_seq
    START WITH 1
    INCREMENT BY 1
    NO MINVALUE
    NO MAXVALUE
    CACHE 1
);


--
-- Name: lottery_fifthprize; Type: TABLE; Schema: public; Owner: postgres
--

CREATE TABLE public.lottery_fifthprize (
    id bigint NOT NULL,
    amount numeric(12,2) NOT NULL,
    ticket_number character varying(20) NOT NULL,
    place character varying(100) NOT NULL,
    draw_id bigint NOT NULL,
    created_at timestamp with time zone NOT NULL,
    updated_at timestamp with time zone NOT NULL
);


ALTER TABLE public.lottery_fifthprize OWNER TO postgres;

--
-- Name: lottery_fifthprize_id_seq; Type: SEQUENCE; Schema: public; Owner: postgres
--

ALTER TABLE public.lottery_fifthprize ALTER COLUMN id ADD GENERATED BY DEFAULT AS IDENTITY (
    SEQUENCE NAME public.lottery_fifthprize_id_seq
    START WITH 1
    INCREMENT BY 1
    NO MINVALUE
    NO MAXVALUE
    CACHE 1
);


--
-- Name: lottery_firstprize; Type: TABLE; Schema: public; Owner: postgres
--

CREATE TABLE public.lottery_firstprize (
    id bigint NOT NULL,
    amount numeric(12,2) NOT NULL,
    ticket_number character varying(20) NOT NULL,
    place character varying(100) NOT NULL,
    draw_id bigint NOT NULL,
    created_at timestamp with time zone NOT NULL,
    updated_at timestamp with time zone NOT NULL
);


ALTER TABLE public.lottery_firstprize OWNER TO postgres;

--
-- Name: lottery_firstprize_id_seq; Type: SEQUENCE; Schema: public; Owner: postgres
--

ALTER TABLE public.lottery_firstprize ALTER COLUMN id ADD GENERATED BY DEFAULT AS IDENTITY (
    SEQUENCE NAME public.lottery_firstprize_id_seq
    START WITH 1
    INCREMENT BY 1
    NO MINVALUE
    NO MAXVALUE
    CACHE 1
);


--
-- Name: lottery_fourthprize; Type: TABLE; Schema: public; Owner: postgres
--

CREATE TABLE public.lottery_fourthprize (
    id bigint NOT NULL,
    amount numeric(12,2) NOT NULL,
    ticket_number character varying(20) NOT NULL,
    place character varying(100) NOT NULL,
    draw_id bigint NOT NULL,
    created_at timestamp with time zone NOT NULL,
    updated_at timestamp with time zone NOT NULL
);


ALTER TABLE public.lottery_fourthprize OWNER TO postgres;

--
-- Name: lottery_fourthprize_id_seq; Type: SEQUENCE; Schema: public; Owner: postgres
--

ALTER TABLE public.lottery_fourthprize ALTER COLUMN id ADD GENERATED BY DEFAULT AS IDENTITY (
    SEQUENCE NAME public.lottery_fourthprize_id_seq
    START WITH 1
    INCREMENT BY 1
    NO MINVALUE
    NO MAXVALUE
    CACHE 1
);


--
-- Name: lottery_lotterydraw; Type: TABLE; Schema: public; Owner: postgres
--

CREATE TABLE public.lottery_lotterydraw (
    id bigint NOT NULL,
    draw_number integer NOT NULL,
    draw_date date NOT NULL,
    result_declared boolean NOT NULL,
    lottery_type_id bigint NOT NULL,
    result_id character varying(12),
    created_at timestamp with time zone NOT NULL,
    updated_at timestamp with time zone NOT NULL,
    CONSTRAINT lottery_lotterydraw_draw_number_0c94e7cd_check CHECK ((draw_number >= 0))
);


ALTER TABLE public.lottery_lotterydraw OWNER TO postgres;

--
-- Name: lottery_lotterydraw_id_seq; Type: SEQUENCE; Schema: public; Owner: postgres
--

ALTER TABLE public.lottery_lotterydraw ALTER COLUMN id ADD GENERATED BY DEFAULT AS IDENTITY (
    SEQUENCE NAME public.lottery_lotterydraw_id_seq
    START WITH 1
    INCREMENT BY 1
    NO MINVALUE
    NO MAXVALUE
    CACHE 1
);


--
-- Name: lottery_lotterytype; Type: TABLE; Schema: public; Owner: postgres
--

CREATE TABLE public.lottery_lotterytype (
    id bigint NOT NULL,
    name character varying(100) NOT NULL,
    code character varying(10) NOT NULL,
    price integer NOT NULL,
    first_prize_amount integer NOT NULL,
    description text,
    created_at timestamp with time zone NOT NULL,
    updated_at timestamp with time zone NOT NULL,
    CONSTRAINT lottery_lotterytype_first_prize_amount_bc7700ef_check CHECK ((first_prize_amount >= 0)),
    CONSTRAINT lottery_lotterytype_price_db3acf56_check CHECK ((price >= 0))
);


ALTER TABLE public.lottery_lotterytype OWNER TO postgres;

--
-- Name: lottery_lotterytype_id_seq; Type: SEQUENCE; Schema: public; Owner: postgres
--

ALTER TABLE public.lottery_lotterytype ALTER COLUMN id ADD GENERATED BY DEFAULT AS IDENTITY (
    SEQUENCE NAME public.lottery_lotterytype_id_seq
    START WITH 1
    INCREMENT BY 1
    NO MINVALUE
    NO MAXVALUE
    CACHE 1
);


--
-- Name: lottery_ninthprize; Type: TABLE; Schema: public; Owner: postgres
--

CREATE TABLE public.lottery_ninthprize (
    id bigint NOT NULL,
    amount numeric(12,2) NOT NULL,
    number character varying(4) NOT NULL,
    draw_id bigint NOT NULL,
    created_at timestamp with time zone NOT NULL,
    updated_at timestamp with time zone NOT NULL
);


ALTER TABLE public.lottery_ninthprize OWNER TO postgres;

--
-- Name: lottery_ninthprize_id_seq; Type: SEQUENCE; Schema: public; Owner: postgres
--

ALTER TABLE public.lottery_ninthprize ALTER COLUMN id ADD GENERATED BY DEFAULT AS IDENTITY (
    SEQUENCE NAME public.lottery_ninthprize_id_seq
    START WITH 1
    INCREMENT BY 1
    NO MINVALUE
    NO MAXVALUE
    CACHE 1
);


--
-- Name: lottery_secondprize; Type: TABLE; Schema: public; Owner: postgres
--

CREATE TABLE public.lottery_secondprize (
    id bigint NOT NULL,
    amount numeric(12,2) NOT NULL,
    ticket_number character varying(20) NOT NULL,
    place character varying(100) NOT NULL,
    draw_id bigint NOT NULL,
    created_at timestamp with time zone NOT NULL,
    updated_at timestamp with time zone NOT NULL
);


ALTER TABLE public.lottery_secondprize OWNER TO postgres;

--
-- Name: lottery_secondprize_id_seq; Type: SEQUENCE; Schema: public; Owner: postgres
--

ALTER TABLE public.lottery_secondprize ALTER COLUMN id ADD GENERATED BY DEFAULT AS IDENTITY (
    SEQUENCE NAME public.lottery_secondprize_id_seq
    START WITH 1
    INCREMENT BY 1
    NO MINVALUE
    NO MAXVALUE
    CACHE 1
);


--
-- Name: lottery_seventhprize; Type: TABLE; Schema: public; Owner: postgres
--

CREATE TABLE public.lottery_seventhprize (
    id bigint NOT NULL,
    amount numeric(12,2) NOT NULL,
    number character varying(4) NOT NULL,
    draw_id bigint NOT NULL,
    created_at timestamp with time zone NOT NULL,
    updated_at timestamp with time zone NOT NULL
);


ALTER TABLE public.lottery_seventhprize OWNER TO postgres;

--
-- Name: lottery_seventhprize_id_seq; Type: SEQUENCE; Schema: public; Owner: postgres
--

ALTER TABLE public.lottery_seventhprize ALTER COLUMN id ADD GENERATED BY DEFAULT AS IDENTITY (
    SEQUENCE NAME public.lottery_seventhprize_id_seq
    START WITH 1
    INCREMENT BY 1
    NO MINVALUE
    NO MAXVALUE
    CACHE 1
);


--
-- Name: lottery_sixthprize; Type: TABLE; Schema: public; Owner: postgres
--

CREATE TABLE public.lottery_sixthprize (
    id bigint NOT NULL,
    amount numeric(12,2) NOT NULL,
    number character varying(4) NOT NULL,
    draw_id bigint NOT NULL,
    created_at timestamp with time zone NOT NULL,
    updated_at timestamp with time zone NOT NULL
);


ALTER TABLE public.lottery_sixthprize OWNER TO postgres;

--
-- Name: lottery_sixthprize_id_seq; Type: SEQUENCE; Schema: public; Owner: postgres
--

ALTER TABLE public.lottery_sixthprize ALTER COLUMN id ADD GENERATED BY DEFAULT AS IDENTITY (
    SEQUENCE NAME public.lottery_sixthprize_id_seq
    START WITH 1
    INCREMENT BY 1
    NO MINVALUE
    NO MAXVALUE
    CACHE 1
);


--
-- Name: lottery_tenthprize; Type: TABLE; Schema: public; Owner: postgres
--

CREATE TABLE public.lottery_tenthprize (
    id bigint NOT NULL,
    amount numeric(12,2) NOT NULL,
    number character varying(4) NOT NULL,
    draw_id bigint NOT NULL,
    created_at timestamp with time zone NOT NULL,
    updated_at timestamp with time zone NOT NULL
);


ALTER TABLE public.lottery_tenthprize OWNER TO postgres;

--
-- Name: lottery_tenthprize_id_seq; Type: SEQUENCE; Schema: public; Owner: postgres
--

ALTER TABLE public.lottery_tenthprize ALTER COLUMN id ADD GENERATED BY DEFAULT AS IDENTITY (
    SEQUENCE NAME public.lottery_tenthprize_id_seq
    START WITH 1
    INCREMENT BY 1
    NO MINVALUE
    NO MAXVALUE
    CACHE 1
);


--
-- Name: lottery_thirdprize; Type: TABLE; Schema: public; Owner: postgres
--

CREATE TABLE public.lottery_thirdprize (
    id bigint NOT NULL,
    amount numeric(12,2) NOT NULL,
    ticket_number character varying(20) NOT NULL,
    place character varying(100) NOT NULL,
    draw_id bigint NOT NULL,
    created_at timestamp with time zone NOT NULL,
    updated_at timestamp with time zone NOT NULL
);


ALTER TABLE public.lottery_thirdprize OWNER TO postgres;

--
-- Name: lottery_thirdprize_id_seq; Type: SEQUENCE; Schema: public; Owner: postgres
--

ALTER TABLE public.lottery_thirdprize ALTER COLUMN id ADD GENERATED BY DEFAULT AS IDENTITY (
    SEQUENCE NAME public.lottery_thirdprize_id_seq
    START WITH 1
    INCREMENT BY 1
    NO MINVALUE
    NO MAXVALUE
    CACHE 1
);


--
-- Name: results_lottery; Type: TABLE; Schema: public; Owner: postgres
--

CREATE TABLE public.results_lottery (
    id bigint NOT NULL,
    name character varying(200) NOT NULL,
    code character varying(50) NOT NULL,
    price numeric(10,2) NOT NULL,
    first_price numeric(10,2) NOT NULL,
    description text NOT NULL
);


ALTER TABLE public.results_lottery OWNER TO postgres;

--
-- Name: results_lottery_id_seq; Type: SEQUENCE; Schema: public; Owner: postgres
--

ALTER TABLE public.results_lottery ALTER COLUMN id ADD GENERATED BY DEFAULT AS IDENTITY (
    SEQUENCE NAME public.results_lottery_id_seq
    START WITH 1
    INCREMENT BY 1
    NO MINVALUE
    NO MAXVALUE
    CACHE 1
);


--
-- Name: results_lotteryresult; Type: TABLE; Schema: public; Owner: postgres
--

CREATE TABLE public.results_lotteryresult (
    id bigint NOT NULL,
    date date NOT NULL,
    draw_number character varying(50) NOT NULL,
    is_published boolean NOT NULL,
    created_at timestamp with time zone NOT NULL,
    updated_at timestamp with time zone NOT NULL,
    lottery_id bigint NOT NULL,
    unique_id uuid NOT NULL,
    is_bumper boolean NOT NULL
);


ALTER TABLE public.results_lotteryresult OWNER TO postgres;

--
-- Name: results_lotteryresult_id_seq; Type: SEQUENCE; Schema: public; Owner: postgres
--

ALTER TABLE public.results_lotteryresult ALTER COLUMN id ADD GENERATED BY DEFAULT AS IDENTITY (
    SEQUENCE NAME public.results_lotteryresult_id_seq
    START WITH 1
    INCREMENT BY 1
    NO MINVALUE
    NO MAXVALUE
    CACHE 1
);


--
-- Name: results_prizeentry; Type: TABLE; Schema: public; Owner: postgres
--

CREATE TABLE public.results_prizeentry (
    id bigint NOT NULL,
    prize_type character varying(20) NOT NULL,
    prize_amount numeric(12,2) NOT NULL,
    ticket_number character varying(50) NOT NULL,
    place character varying(100),
    created_at timestamp with time zone NOT NULL,
    lottery_result_id bigint NOT NULL
);


ALTER TABLE public.results_prizeentry OWNER TO postgres;

--
-- Name: results_prizeentry_id_seq; Type: SEQUENCE; Schema: public; Owner: postgres
--

ALTER TABLE public.results_prizeentry ALTER COLUMN id ADD GENERATED BY DEFAULT AS IDENTITY (
    SEQUENCE NAME public.results_prizeentry_id_seq
    START WITH 1
    INCREMENT BY 1
    NO MINVALUE
    NO MAXVALUE
    CACHE 1
);


--
-- Name: users_user; Type: TABLE; Schema: public; Owner: postgres
--

CREATE TABLE public.users_user (
    id bigint NOT NULL,
    password character varying(128) NOT NULL,
    last_login timestamp with time zone,
    is_superuser boolean NOT NULL,
    phone_number character varying(15) NOT NULL,
    name character varying(100) NOT NULL,
    is_active boolean NOT NULL,
    is_staff boolean NOT NULL,
    date_joined timestamp with time zone NOT NULL,
    username character varying(50)
);


ALTER TABLE public.users_user OWNER TO postgres;

--
-- Name: users_user_groups; Type: TABLE; Schema: public; Owner: postgres
--

CREATE TABLE public.users_user_groups (
    id bigint NOT NULL,
    user_id bigint NOT NULL,
    group_id integer NOT NULL
);


ALTER TABLE public.users_user_groups OWNER TO postgres;

--
-- Name: users_user_groups_id_seq; Type: SEQUENCE; Schema: public; Owner: postgres
--

ALTER TABLE public.users_user_groups ALTER COLUMN id ADD GENERATED BY DEFAULT AS IDENTITY (
    SEQUENCE NAME public.users_user_groups_id_seq
    START WITH 1
    INCREMENT BY 1
    NO MINVALUE
    NO MAXVALUE
    CACHE 1
);


--
-- Name: users_user_id_seq; Type: SEQUENCE; Schema: public; Owner: postgres
--

ALTER TABLE public.users_user ALTER COLUMN id ADD GENERATED BY DEFAULT AS IDENTITY (
    SEQUENCE NAME public.users_user_id_seq
    START WITH 1
    INCREMENT BY 1
    NO MINVALUE
    NO MAXVALUE
    CACHE 1
);


--
-- Name: users_user_user_permissions; Type: TABLE; Schema: public; Owner: postgres
--

CREATE TABLE public.users_user_user_permissions (
    id bigint NOT NULL,
    user_id bigint NOT NULL,
    permission_id integer NOT NULL
);


ALTER TABLE public.users_user_user_permissions OWNER TO postgres;

--
-- Name: users_user_user_permissions_id_seq; Type: SEQUENCE; Schema: public; Owner: postgres
--

ALTER TABLE public.users_user_user_permissions ALTER COLUMN id ADD GENERATED BY DEFAULT AS IDENTITY (
    SEQUENCE NAME public.users_user_user_permissions_id_seq
    START WITH 1
    INCREMENT BY 1
    NO MINVALUE
    NO MAXVALUE
    CACHE 1
);


--
-- Data for Name: auth_group; Type: TABLE DATA; Schema: public; Owner: postgres
--

COPY public.auth_group (id, name) FROM stdin;
\.


--
-- Data for Name: auth_group_permissions; Type: TABLE DATA; Schema: public; Owner: postgres
--

COPY public.auth_group_permissions (id, group_id, permission_id) FROM stdin;
\.


--
-- Data for Name: auth_permission; Type: TABLE DATA; Schema: public; Owner: postgres
--

COPY public.auth_permission (id, name, content_type_id, codename) FROM stdin;
1	Can add log entry	1	add_logentry
2	Can change log entry	1	change_logentry
3	Can delete log entry	1	delete_logentry
4	Can view log entry	1	view_logentry
5	Can add permission	2	add_permission
6	Can change permission	2	change_permission
7	Can delete permission	2	delete_permission
8	Can view permission	2	view_permission
9	Can add group	3	add_group
10	Can change group	3	change_group
11	Can delete group	3	delete_group
12	Can view group	3	view_group
13	Can add content type	4	add_contenttype
14	Can change content type	4	change_contenttype
15	Can delete content type	4	delete_contenttype
16	Can view content type	4	view_contenttype
17	Can add session	5	add_session
18	Can change session	5	change_session
19	Can delete session	5	delete_session
20	Can view session	5	view_session
21	Can add user	6	add_user
22	Can change user	6	change_user
23	Can delete user	6	delete_user
24	Can view user	6	view_user
25	Can add winning ticket	7	add_winningticket
26	Can change winning ticket	7	change_winningticket
27	Can delete winning ticket	7	delete_winningticket
28	Can view winning ticket	7	view_winningticket
29	Can add lottery draw	8	add_lotterydraw
30	Can change lottery draw	8	change_lotterydraw
31	Can delete lottery draw	8	delete_lotterydraw
32	Can view lottery draw	8	view_lotterydraw
33	Can add prize category	9	add_prizecategory
34	Can change prize category	9	change_prizecategory
35	Can delete prize category	9	delete_prizecategory
36	Can view prize category	9	view_prizecategory
37	Can add lottery type	10	add_lotterytype
38	Can change lottery type	10	change_lotterytype
39	Can delete lottery type	10	delete_lotterytype
40	Can view lottery type	10	view_lotterytype
41	Can add consolation prize	11	add_consolationprize
42	Can change consolation prize	11	change_consolationprize
43	Can delete consolation prize	11	delete_consolationprize
44	Can view consolation prize	11	view_consolationprize
45	Can add eighth prize	12	add_eighthprize
46	Can change eighth prize	12	change_eighthprize
47	Can delete eighth prize	12	delete_eighthprize
48	Can view eighth prize	12	view_eighthprize
49	Can add fifth prize	13	add_fifthprize
50	Can change fifth prize	13	change_fifthprize
51	Can delete fifth prize	13	delete_fifthprize
52	Can view fifth prize	13	view_fifthprize
53	Can add first prize	14	add_firstprize
54	Can change first prize	14	change_firstprize
55	Can delete first prize	14	delete_firstprize
56	Can view first prize	14	view_firstprize
57	Can add fourth prize	15	add_fourthprize
58	Can change fourth prize	15	change_fourthprize
59	Can delete fourth prize	15	delete_fourthprize
60	Can view fourth prize	15	view_fourthprize
61	Can add ninth prize	16	add_ninthprize
62	Can change ninth prize	16	change_ninthprize
63	Can delete ninth prize	16	delete_ninthprize
64	Can view ninth prize	16	view_ninthprize
65	Can add second prize	17	add_secondprize
66	Can change second prize	17	change_secondprize
67	Can delete second prize	17	delete_secondprize
68	Can view second prize	17	view_secondprize
69	Can add seventh prize	18	add_seventhprize
70	Can change seventh prize	18	change_seventhprize
71	Can delete seventh prize	18	delete_seventhprize
72	Can view seventh prize	18	view_seventhprize
73	Can add sixth prize	19	add_sixthprize
74	Can change sixth prize	19	change_sixthprize
75	Can delete sixth prize	19	delete_sixthprize
76	Can view sixth prize	19	view_sixthprize
77	Can add tenth prize	20	add_tenthprize
78	Can change tenth prize	20	change_tenthprize
79	Can delete tenth prize	20	delete_tenthprize
80	Can view tenth prize	20	view_tenthprize
81	Can add third prize	21	add_thirdprize
82	Can change third prize	21	change_thirdprize
83	Can delete third prize	21	delete_thirdprize
84	Can view third prize	21	view_thirdprize
85	Can add Lottery	22	add_lottery
86	Can change Lottery	22	change_lottery
87	Can delete Lottery	22	delete_lottery
88	Can view Lottery	22	view_lottery
89	Can add Prize Entry	24	add_prizeentry
90	Can change Prize Entry	24	change_prizeentry
91	Can delete Prize Entry	24	delete_prizeentry
92	Can view Prize Entry	24	view_prizeentry
93	Can add Add Result	23	add_lotteryresult
94	Can change Add Result	23	change_lotteryresult
95	Can delete Add Result	23	delete_lotteryresult
96	Can view Add Result	23	view_lotteryresult
\.


--
-- Data for Name: django_admin_log; Type: TABLE DATA; Schema: public; Owner: postgres
--

COPY public.django_admin_log (id, action_time, object_id, object_repr, action_flag, change_message, content_type_id, user_id) FROM stdin;
1	2025-05-21 15:54:28.009611+05:30	11	Akshaya AK-22	1	[{"added": {}}, {"added": {"name": "first prize", "object": "First Prize - SF 788753 - THrissure"}}]	8	4
2	2025-05-21 15:55:43.629648+05:30	11	Akshaya AK-22	2	[{"changed": {"fields": ["bulk_sixth_prizes"]}}]	8	4
3	2025-05-27 10:45:43.753726+05:30	3	test (test)	1	[{"added": {}}]	10	4
4	2025-05-28 22:30:02.05448+05:30	4	kaarunya (AK)	1	[{"added": {}}]	10	4
5	2025-05-29 14:14:07.807603+05:30	5	kaarunya (AK)	1	[{"added": {}}]	10	4
6	2025-05-29 14:14:32.473833+05:30	6	kaarunya (1210)	1	[{"added": {}}]	10	4
7	2025-05-29 14:40:19.798722+05:30	7	kaarunya (1210)	1	[{"added": {}}]	10	4
8	2025-05-29 15:33:16.673873+05:30	11	Akshaya AK-22	3		8	4
9	2025-05-29 15:33:16.673873+05:30	1	Akshaya AK-620	3		8	4
10	2025-05-29 15:33:16.673873+05:30	2	Win Win WW-520	3		8	4
11	2025-05-29 15:33:16.673873+05:30	3	Akshaya AK-618	3		8	4
12	2025-05-29 15:33:16.674879+05:30	4	Win Win WW-617	3		8	4
13	2025-05-29 15:33:16.674879+05:30	5	Akshaya AK-616	3		8	4
14	2025-05-29 15:33:16.674879+05:30	6	Win Win WW-615	3		8	4
15	2025-05-29 15:33:16.674879+05:30	7	Akshaya AK-614	3		8	4
16	2025-05-29 15:33:16.674879+05:30	8	Win Win WW-613	3		8	4
17	2025-05-29 15:33:16.674879+05:30	9	Akshaya AK-612	3		8	4
18	2025-05-29 15:33:16.674879+05:30	10	Win Win WW-611	3		8	4
19	2025-05-30 11:39:18.894344+05:30	1	Akshaya (AK)	2	[]	10	4
20	2025-05-30 11:39:24.36116+05:30	1	Akshaya (AK)	2	[]	10	4
21	2025-05-30 12:22:46.95882+05:30	1	Test User (9876543210)	3		6	4
22	2025-05-30 12:22:46.95882+05:30	3	testing (9876543215)	3		6	4
23	2025-05-30 12:22:46.95882+05:30	2	Test User (9876543219)	3		6	4
24	2025-05-30 12:41:41.941711+05:30	1	kaarunya	1	[{"added": {}}]	22	4
25	2025-06-01 13:20:20.300746+05:30	1	kaarunya - Draw 1 - 2025-06-01	2	[{"changed": {"fields": ["Published"]}}]	23	4
26	2025-06-01 13:20:33.369414+05:30	1	kaarunya - Draw 1 - 2025-06-01	2	[{"changed": {"fields": ["Published"]}}]	23	4
27	2025-06-01 13:20:38.331836+05:30	1	kaarunya - Draw 1 - 2025-06-01	2	[{"changed": {"fields": ["Published"]}}]	23	4
28	2025-06-01 13:20:43.316291+05:30	1	kaarunya - Draw 1 - 2025-06-01	2	[{"changed": {"fields": ["Published"]}}]	23	4
29	2025-06-01 16:47:14.81586+05:30	2	Akshaya	1	[{"added": {}}]	22	4
30	2025-06-03 10:19:25.707787+05:30	3	BHAGYATHARA	1	[{"added": {}}]	22	4
31	2025-06-11 12:45:04.871876+05:30	5	test1 (1234567890)	1	[{"added": {}}]	6	4
32	2025-06-11 12:45:35.323673+05:30	5	test1 (1234567890)	2	[]	6	4
33	2025-06-17 08:59:25.799795+05:30	4	imran (7306902343)	2	[{"changed": {"fields": ["Is staff", "Is active"]}}]	6	4
\.


--
-- Data for Name: django_content_type; Type: TABLE DATA; Schema: public; Owner: postgres
--

COPY public.django_content_type (id, app_label, model) FROM stdin;
1	admin	logentry
2	auth	permission
3	auth	group
4	contenttypes	contenttype
5	sessions	session
6	users	user
7	lottery	winningticket
8	lottery	lotterydraw
9	lottery	prizecategory
10	lottery	lotterytype
11	lottery	consolationprize
12	lottery	eighthprize
13	lottery	fifthprize
14	lottery	firstprize
15	lottery	fourthprize
16	lottery	ninthprize
17	lottery	secondprize
18	lottery	seventhprize
19	lottery	sixthprize
20	lottery	tenthprize
21	lottery	thirdprize
22	results	lottery
23	results	lotteryresult
24	results	prizeentry
\.


--
-- Data for Name: django_migrations; Type: TABLE DATA; Schema: public; Owner: postgres
--

COPY public.django_migrations (id, app, name, applied) FROM stdin;
1	contenttypes	0001_initial	2025-05-17 10:14:06.623025+05:30
2	contenttypes	0002_remove_content_type_name	2025-05-17 10:14:06.62933+05:30
3	auth	0001_initial	2025-05-17 10:14:06.712859+05:30
4	auth	0002_alter_permission_name_max_length	2025-05-17 10:14:06.736638+05:30
5	auth	0003_alter_user_email_max_length	2025-05-17 10:14:06.744808+05:30
6	auth	0004_alter_user_username_opts	2025-05-17 10:14:06.75769+05:30
7	auth	0005_alter_user_last_login_null	2025-05-17 10:14:06.762349+05:30
8	auth	0006_require_contenttypes_0002	2025-05-17 10:14:06.762349+05:30
9	auth	0007_alter_validators_add_error_messages	2025-05-17 10:14:06.77911+05:30
10	auth	0008_alter_user_username_max_length	2025-05-17 10:14:06.793873+05:30
11	auth	0009_alter_user_last_name_max_length	2025-05-17 10:14:06.809896+05:30
12	auth	0010_alter_group_name_max_length	2025-05-17 10:14:06.824218+05:30
13	auth	0011_update_proxy_permissions	2025-05-17 10:14:06.832014+05:30
14	auth	0012_alter_user_first_name_max_length	2025-05-17 10:14:06.843448+05:30
15	users	0001_initial	2025-05-17 10:14:06.913366+05:30
16	admin	0001_initial	2025-05-17 10:14:06.950789+05:30
17	admin	0002_logentry_remove_auto_add	2025-05-17 10:14:06.966952+05:30
18	admin	0003_logentry_add_action_flag_choices	2025-05-17 10:14:06.972171+05:30
19	sessions	0001_initial	2025-05-17 10:14:06.997742+05:30
20	lottery	0001_initial	2025-05-17 16:09:03.297407+05:30
21	users	0002_user_username	2025-05-17 20:44:44.952058+05:30
22	lottery	0002_alter_prizecategory_options_and_more	2025-05-19 13:10:15.34602+05:30
23	lottery	0003_associate_prizes_with_lottery_types	2025-05-19 13:10:15.416012+05:30
24	lottery	0004_alter_lotterydraw_options_alter_lotterytype_options	2025-05-20 21:35:41.397264+05:30
25	lottery	0005_remove_lotterydraw_is_new	2025-05-20 22:44:13.852249+05:30
26	lottery	0006_remove_winningticket_prize_category_and_more	2025-05-21 11:55:55.59207+05:30
27	lottery	0007_lotterydraw_draw_uuid	2025-05-23 13:58:50.714638+05:30
28	lottery	0008_remove_lotterydraw_draw_uuid_lotterydraw_result_id	2025-05-23 15:53:29.863187+05:30
29	lottery	0009_alter_lotterytype_options_and_more	2025-05-29 12:25:26.634908+05:30
30	lottery	0010_alter_lotterytype_code	2025-05-29 12:25:26.722999+05:30
31	lottery	0011_auto_20250529_1204	2025-05-29 12:25:26.759831+05:30
32	results	0001_initial	2025-05-30 12:11:06.162789+05:30
33	results	0002_lotteryresult_prizeentry	2025-06-01 13:02:07.442223+05:30
34	results	0003_add_unique_id_properly	2025-06-08 12:46:54.019597+05:30
35	results	0004_lotteryresult_is_bumper	2025-06-14 11:38:40.02373+05:30
36	results	0005_alter_lotteryresult_is_bumper	2025-06-14 11:45:29.708403+05:30
\.


--
-- Data for Name: django_session; Type: TABLE DATA; Schema: public; Owner: postgres
--

COPY public.django_session (session_key, session_data, expire_date) FROM stdin;
mbj9dd0j9bue0a31tghh6x061f9vf78h	.eJxVjDsOwjAQBe_iGlnxX6ak5wzWeneNA8iW4qRC3B0ipYD2zcx7iQTbWtM2eEkzibOw4vS7ZcAHtx3QHdqtS-xtXeYsd0UedMhrJ35eDvfvoMKo31qZglGhDzZqHTl4lwsiWPBgwhSUJ0bMxhGXjI4teecUsbNAOGmM4v0B9L84ww:1uHbdc:Xvnlq-U99niX3YOhtBYENuIryTmiOQb4DlBxnCWiZmg	2025-06-04 10:35:08.694362+05:30
7m3y7fu2849vioqd2h8t0m8kkl7i4rt6	.eJxVjDsOwjAQBe_iGlnxX6ak5wzWeneNA8iW4qRC3B0ipYD2zcx7iQTbWtM2eEkzibOw4vS7ZcAHtx3QHdqtS-xtXeYsd0UedMhrJ35eDvfvoMKo31qZglGhDzZqHTl4lwsiWPBgwhSUJ0bMxhGXjI4teecUsbNAOGmM4v0B9L84ww:1uKYaU:bRBfw0Sl1H5a-XZXV01uGB4YIQ7oCfROChWQv7zzjAU	2025-05-29 14:56:06.705245+05:30
sebdawiole0nv0mnf3m6n2a6cbywweqd	.eJxVjDsOwjAQBe_iGlnxX6ak5wzWeneNA8iW4qRC3B0ipYD2zcx7iQTbWtM2eEkzibOw4vS7ZcAHtx3QHdqtS-xtXeYsd0UedMhrJ35eDvfvoMKo31qZglGhDzZqHTl4lwsiWPBgwhSUJ0bMxhGXjI4teecUsbNAOGmM4v0B9L84ww:1uKZaF:-ii1xhabHtglRwpC9n3yg_OH-0TkQxK2jg_8AhIDX9o	2025-05-29 15:59:55.761565+05:30
egmtwjvoq8w2qz7nb2mar406eac21vim	.eJxVjDsOwjAQBe_iGlnxX6ak5wzWeneNA8iW4qRC3B0ipYD2zcx7iQTbWtM2eEkzibOw4vS7ZcAHtx3QHdqtS-xtXeYsd0UedMhrJ35eDvfvoMKo31qZglGhDzZqHTl4lwsiWPBgwhSUJ0bMxhGXjI4teecUsbNAOGmM4v0B9L84ww:1uKbxT:RhPHa1ccHfgEA2WG8egnCQDB_kHmojjZq4Itqq3kpzk	2025-05-29 18:32:03.718707+05:30
pwfyqh1nq7n2wlyjpmboubtcxtiu0re2	.eJxVjDsOwjAQBe_iGlnxX6ak5wzWeneNA8iW4qRC3B0ipYD2zcx7iQTbWtM2eEkzibOw4vS7ZcAHtx3QHdqtS-xtXeYsd0UedMhrJ35eDvfvoMKo31qZglGhDzZqHTl4lwsiWPBgwhSUJ0bMxhGXjI4teecUsbNAOGmM4v0B9L84ww:1uKeXa:ehA6L55c_b-VJXrFLdBucAzopE1fTeAluCkxeus-ooA	2025-05-29 21:17:30.454104+05:30
j4ovo2uckgpv70w668z4erc6jew0x851	.eJxVjDsOwjAQBe_iGlnxX6ak5wzWeneNA8iW4qRC3B0ipYD2zcx7iQTbWtM2eEkzibOw4vS7ZcAHtx3QHdqtS-xtXeYsd0UedMhrJ35eDvfvoMKo31qZglGhDzZqHTl4lwsiWPBgwhSUJ0bMxhGXjI4teecUsbNAOGmM4v0B9L84ww:1uKfad:nxpUSCMqIaH6xe7SLdstlzvyJokR7oF6kUp7Vln61_Q	2025-05-29 22:24:43.431164+05:30
66cdaxnbemrfhx4mwujwync4pibe2qju	.eJxVjDsOwjAQBe_iGlnxX6ak5wzWeneNA8iW4qRC3B0ipYD2zcx7iQTbWtM2eEkzibOw4vS7ZcAHtx3QHdqtS-xtXeYsd0UedMhrJ35eDvfvoMKo31qZglGhDzZqHTl4lwsiWPBgwhSUJ0bMxhGXjI4teecUsbNAOGmM4v0B9L84ww:1uKgse:S99E4Mtxxh04l9ya3EMKTYjSuWmvEHlCM1XcAxjYekI	2025-05-29 23:47:24.920759+05:30
dq4hd82zhy96oz8r1w0mmtnljqcb4klc	.eJxVjDsOwjAQBe_iGlnxX6ak5wzWeneNA8iW4qRC3B0ipYD2zcx7iQTbWtM2eEkzibOw4vS7ZcAHtx3QHdqtS-xtXeYsd0UedMhrJ35eDvfvoMKo31qZglGhDzZqHTl4lwsiWPBgwhSUJ0bMxhGXjI4teecUsbNAOGmM4v0B9L84ww:1uKsgc:FDUU6XWYHuAqqMszmFyHvNO_I2iO9GwTAQ6uw4TSjYg	2025-05-30 12:23:46.837657+05:30
w2c5nw0lctcyd59ecfbwy6cmr9siyyp0	.eJxVjDsOwjAQBe_iGlnxX6ak5wzWeneNA8iW4qRC3B0ipYD2zcx7iQTbWtM2eEkzibOw4vS7ZcAHtx3QHdqtS-xtXeYsd0UedMhrJ35eDvfvoMKo31qZglGhDzZqHTl4lwsiWPBgwhSUJ0bMxhGXjI4teecUsbNAOGmM4v0B9L84ww:1uKthW:5BrrKM8DtRGpoXohdnqGSC-tk7MvOTG9EbCbVehnshQ	2025-05-30 13:28:46.552108+05:30
hpovq1bxp5n0npmpn90rn81303fbpi6s	.eJxVjDsOwjAQBe_iGlnxX6ak5wzWeneNA8iW4qRC3B0ipYD2zcx7iQTbWtM2eEkzibOw4vS7ZcAHtx3QHdqtS-xtXeYsd0UedMhrJ35eDvfvoMKo31qZglGhDzZqHTl4lwsiWPBgwhSUJ0bMxhGXjI4teecUsbNAOGmM4v0B9L84ww:1uKue8:BAQU9vWgFZqurzGH6D0fBl7MK9HGcKoZTOS38f87F_g	2025-05-30 14:29:20.481965+05:30
y0tvr707pylh6zxm3hnj0fp0qln324sh	.eJxVjDsOwjAQBe_iGlnxX6ak5wzWeneNA8iW4qRC3B0ipYD2zcx7iQTbWtM2eEkzibOw4vS7ZcAHtx3QHdqtS-xtXeYsd0UedMhrJ35eDvfvoMKo31qZglGhDzZqHTl4lwsiWPBgwhSUJ0bMxhGXjI4teecUsbNAOGmM4v0B9L84ww:1uKvo6:S2oXfq22PaIqDeKBB87lLGiGFepWkBYRWYDF1za5qB4	2025-05-30 15:43:42.098106+05:30
rkqmscb1q10tuzb2w8e7n76y6tln4205	.eJxVjDsOwjAQBe_iGlnxX6ak5wzWeneNA8iW4qRC3B0ipYD2zcx7iQTbWtM2eEkzibOw4vS7ZcAHtx3QHdqtS-xtXeYsd0UedMhrJ35eDvfvoMKo31qZglGhDzZqHTl4lwsiWPBgwhSUJ0bMxhGXjI4teecUsbNAOGmM4v0B9L84ww:1uKwpW:z_AjHYS8pCSaFN2BTtxai01WTPzeRgxcycw9YL9nB2M	2025-05-30 16:49:14.95058+05:30
gdybfmqc9mf3varraknmsh3a8t3lex44	.eJxVjDsOwjAQBe_iGlnxX6ak5wzWeneNA8iW4qRC3B0ipYD2zcx7iQTbWtM2eEkzibOw4vS7ZcAHtx3QHdqtS-xtXeYsd0UedMhrJ35eDvfvoMKo31qZglGhDzZqHTl4lwsiWPBgwhSUJ0bMxhGXjI4teecUsbNAOGmM4v0B9L84ww:1uKxns:cl0yy3VZGQU1qfUXidSdi0QVOK2WEv14S1uocRM5V7Q	2025-05-30 17:51:36.737527+05:30
4ynf0g6bii5lw7tj3nby8mbawzapgaqf	.eJxVjDsOwjAQBe_iGlnxX6ak5wzWeneNA8iW4qRC3B0ipYD2zcx7iQTbWtM2eEkzibOw4vS7ZcAHtx3QHdqtS-xtXeYsd0UedMhrJ35eDvfvoMKo31qZglGhDzZqHTl4lwsiWPBgwhSUJ0bMxhGXjI4teecUsbNAOGmM4v0B9L84ww:1uLd8s:CY24L094-7wKfEl2YFT_On-oddfy1yCszPMLImV616g	2025-06-01 14:00:02.610776+05:30
o5zc4vi2ei23rw437sgqggrn1wl9n5z1	.eJxVjDsOwjAQBe_iGlnxX6ak5wzWeneNA8iW4qRC3B0ipYD2zcx7iQTbWtM2eEkzibOw4vS7ZcAHtx3QHdqtS-xtXeYsd0UedMhrJ35eDvfvoMKo31qZglGhDzZqHTl4lwsiWPBgwhSUJ0bMxhGXjI4teecUsbNAOGmM4v0B9L84ww:1uLe5O:ZGZO3TtbCgQ_Zvvq8pYlrjqGCo5uSZ-yiiOPKeP1WHA	2025-06-01 15:00:30.031174+05:30
o3pmrpzezgkcimlitesp7j5w9qb8i4il	.eJxVjDsOwjAQBe_iGlnxX6ak5wzWeneNA8iW4qRC3B0ipYD2zcx7iQTbWtM2eEkzibOw4vS7ZcAHtx3QHdqtS-xtXeYsd0UedMhrJ35eDvfvoMKo31qZglGhDzZqHTl4lwsiWPBgwhSUJ0bMxhGXjI4teecUsbNAOGmM4v0B9L84ww:1uLf2A:R3NBsB0hI7m23Vl7tcNFMS4LPCR8waAM_jWrWN1bl5Q	2025-06-01 16:01:14.001605+05:30
pyghwdeybu48db5heeyfsgi4vezrfjme	.eJxVjDsOwjAQBe_iGlnxX6ak5wzWeneNA8iW4qRC3B0ipYD2zcx7iQTbWtM2eEkzibOw4vS7ZcAHtx3QHdqtS-xtXeYsd0UedMhrJ35eDvfvoMKo31qZglGhDzZqHTl4lwsiWPBgwhSUJ0bMxhGXjI4teecUsbNAOGmM4v0B9L84ww:1uLgd1:W7q1-1pdsXkn4KLh4JZuYD8r3pceSvUtPo_OdecV4H4	2025-06-01 17:43:23.767241+05:30
bsq6v43lc8lvphj0y168eozjpkaea9tl	.eJxVjDsOwjAQBe_iGlnxX6ak5wzWeneNA8iW4qRC3B0ipYD2zcx7iQTbWtM2eEkzibOw4vS7ZcAHtx3QHdqtS-xtXeYsd0UedMhrJ35eDvfvoMKo31qZglGhDzZqHTl4lwsiWPBgwhSUJ0bMxhGXjI4teecUsbNAOGmM4v0B9L84ww:1uLxmc:8CT8JGi34gSB57eKacYdd1Nnpz0cwNZ3CNy0jm4G6nQ	2025-06-02 12:02:26.404622+05:30
jlzz6w3bsin5s5xjihj584lltgd19o5w	.eJxVjDsOwjAQBe_iGlnxX6ak5wzWeneNA8iW4qRC3B0ipYD2zcx7iQTbWtM2eEkzibOw4vS7ZcAHtx3QHdqtS-xtXeYsd0UedMhrJ35eDvfvoMKo31qZglGhDzZqHTl4lwsiWPBgwhSUJ0bMxhGXjI4teecUsbNAOGmM4v0B9L84ww:1uLz8k:LBZ37nei3ai0ES3tEoBCQ3Dd7gC1ZBCa8o3_94ipARU	2025-06-02 13:29:22.976677+05:30
w5y88cxppyxjfe64c26jhryvl68lqttw	.eJxVjDsOwjAQBe_iGlnxX6ak5wzWeneNA8iW4qRC3B0ipYD2zcx7iQTbWtM2eEkzibOw4vS7ZcAHtx3QHdqtS-xtXeYsd0UedMhrJ35eDvfvoMKo31qZglGhDzZqHTl4lwsiWPBgwhSUJ0bMxhGXjI4teecUsbNAOGmM4v0B9L84ww:1uMJRX:uVbrPIB_xSlJPiS3EdeTV3MB8kfKDVJBHEKP9uBZydM	2025-06-03 11:10:07.65948+05:30
x5o8vg3iablwg5svidlhtd01xrgt97tp	.eJxVjDsOwjAQBe_iGlnxX6ak5wzWeneNA8iW4qRC3B0ipYD2zcx7iQTbWtM2eEkzibOw4vS7ZcAHtx3QHdqtS-xtXeYsd0UedMhrJ35eDvfvoMKo31qZglGhDzZqHTl4lwsiWPBgwhSUJ0bMxhGXjI4teecUsbNAOGmM4v0B9L84ww:1uMKdu:aSIRBT8Bx1DS1-Z6phBtXVUZQp7jhiOMwqArRro20QQ	2025-06-03 12:26:58.099783+05:30
s2w1yaume0w8ep6ixvl7z6lwzrd8a193	.eJxVjDsOwjAQBe_iGlnxX6ak5wzWeneNA8iW4qRC3B0ipYD2zcx7iQTbWtM2eEkzibOw4vS7ZcAHtx3QHdqtS-xtXeYsd0UedMhrJ35eDvfvoMKo31qZglGhDzZqHTl4lwsiWPBgwhSUJ0bMxhGXjI4teecUsbNAOGmM4v0B9L84ww:1uMLb2:MFMqtcmbzaGatXdjSfxxwqLiq6ulsIZ2pg6adUXW3bU	2025-06-03 13:28:04.702481+05:30
lswhm70it7kozqr9rt6hksgl8arm5gyw	.eJxVjDsOwjAQBe_iGlnxX6ak5wzWeneNA8iW4qRC3B0ipYD2zcx7iQTbWtM2eEkzibOw4vS7ZcAHtx3QHdqtS-xtXeYsd0UedMhrJ35eDvfvoMKo31qZglGhDzZqHTl4lwsiWPBgwhSUJ0bMxhGXjI4teecUsbNAOGmM4v0B9L84ww:1uMN17:-pf1RbqlQeO5mjHOtovVQXfCFz2k4bfw4_kc0dIz1T0	2025-06-03 14:59:05.972901+05:30
oho2o7ow12u74c1c5sehou4rwv49dyml	.eJxVjDsOwjAQBe_iGlnxX6ak5wzWeneNA8iW4qRC3B0ipYD2zcx7iQTbWtM2eEkzibOw4vS7ZcAHtx3QHdqtS-xtXeYsd0UedMhrJ35eDvfvoMKo31qZglGhDzZqHTl4lwsiWPBgwhSUJ0bMxhGXjI4teecUsbNAOGmM4v0B9L84ww:1uMOZN:uFstcJWhOiuZLob-XtPDYQrcQSx7Yudtux81R1Ds86M	2025-06-03 16:38:33.223491+05:30
zl64hi2p2dk8ovk01htbuhxyrfst0dtk	.eJxVjDsOwjAQBe_iGlnxX6ak5wzWeneNA8iW4qRC3B0ipYD2zcx7iQTbWtM2eEkzibOw4vS7ZcAHtx3QHdqtS-xtXeYsd0UedMhrJ35eDvfvoMKo31qZglGhDzZqHTl4lwsiWPBgwhSUJ0bMxhGXjI4teecUsbNAOGmM4v0B9L84ww:1uMPb4:qIqsfKaK4HigZVWrEJY2Yb3XSCM-F9qWUrwWdF2AI50	2025-06-03 17:44:22.323975+05:30
icwfos8018udogytc5colk7thakb412g	.eJxVjDsOwjAQBe_iGlnxX6ak5wzWeneNA8iW4qRC3B0ipYD2zcx7iQTbWtM2eEkzibOw4vS7ZcAHtx3QHdqtS-xtXeYsd0UedMhrJ35eDvfvoMKo31qZglGhDzZqHTl4lwsiWPBgwhSUJ0bMxhGXjI4teecUsbNAOGmM4v0B9L84ww:1uMfEe:9_3L0j79lNvrADlxuTtDE5cvGmkEacT5IfETASF-o-w	2025-06-04 10:26:16.199305+05:30
f5wqzpdoru7jle9fmhj2ngyr17q8jc5p	.eJxVjDsOwjAQBe_iGlnxX6ak5wzWeneNA8iW4qRC3B0ipYD2zcx7iQTbWtM2eEkzibOw4vS7ZcAHtx3QHdqtS-xtXeYsd0UedMhrJ35eDvfvoMKo31qZglGhDzZqHTl4lwsiWPBgwhSUJ0bMxhGXjI4teecUsbNAOGmM4v0B9L84ww:1uMfuX:ODZX2yJ65A5KBxcDTFiKKZGtoDL9X5ifT6Nf70TdcDY	2025-06-04 11:09:33.465276+05:30
bhdvpowszhj7tue105wq45glpzz5kvgg	.eJxVjDsOwjAQBe_iGlnxX6ak5wzWeneNA8iW4qRC3B0ipYD2zcx7iQTbWtM2eEkzibOw4vS7ZcAHtx3QHdqtS-xtXeYsd0UedMhrJ35eDvfvoMKo31qZglGhDzZqHTl4lwsiWPBgwhSUJ0bMxhGXjI4teecUsbNAOGmM4v0B9L84ww:1uMg61:s_5cEcBHGwrpj9C8zoa4GdjzmJ6pps4lzuS4965ZO9A	2025-06-04 11:21:25.761706+05:30
wcp0rno6ep6c98ij7d9wetmf9jk4jn49	.eJxVjDsOwjAQBe_iGlnxX6ak5wzWeneNA8iW4qRC3B0ipYD2zcx7iQTbWtM2eEkzibOw4vS7ZcAHtx3QHdqtS-xtXeYsd0UedMhrJ35eDvfvoMKo31qZglGhDzZqHTl4lwsiWPBgwhSUJ0bMxhGXjI4teecUsbNAOGmM4v0B9L84ww:1uNO8F:xgE8NutXuFGTEOa1uRh66SHF1tY-F3vlUB9vtVB39sg	2025-06-06 10:22:39.928593+05:30
c0l9pqecoyngec4xuzuto0gosev5pk95	.eJxVjDsOwjAQBe_iGlnxX6ak5wzWeneNA8iW4qRC3B0ipYD2zcx7iQTbWtM2eEkzibOw4vS7ZcAHtx3QHdqtS-xtXeYsd0UedMhrJ35eDvfvoMKo31qZglGhDzZqHTl4lwsiWPBgwhSUJ0bMxhGXjI4teecUsbNAOGmM4v0B9L84ww:1uNPJc:u9d-FNthupJB2HEH_6L_QEm--jlQxx-6WmSgp_b_V_0	2025-06-06 11:38:28.679855+05:30
gh2awuz3q0lgj3etvxpc8yfw9927inmc	.eJxVjDsOwjAQBe_iGlnxX6ak5wzWeneNA8iW4qRC3B0ipYD2zcx7iQTbWtM2eEkzibOw4vS7ZcAHtx3QHdqtS-xtXeYsd0UedMhrJ35eDvfvoMKo31qZglGhDzZqHTl4lwsiWPBgwhSUJ0bMxhGXjI4teecUsbNAOGmM4v0B9L84ww:1uNQH7:eK6AVaOKgwZzcoUmuAVtSowAEe3qYxiz2YuqwF3rRWg	2025-06-06 12:39:57.830095+05:30
2nd1yk51w5pu4m6iu192tvy61yinx8mr	.eJxVjDsOwjAQBe_iGlnxX6ak5wzWeneNA8iW4qRC3B0ipYD2zcx7iQTbWtM2eEkzibOw4vS7ZcAHtx3QHdqtS-xtXeYsd0UedMhrJ35eDvfvoMKo31qZglGhDzZqHTl4lwsiWPBgwhSUJ0bMxhGXjI4teecUsbNAOGmM4v0B9L84ww:1uNRLY:d9zdcCw4cylRk7drvM-u01cAz9-m75W5kOqCMDke7uo	2025-06-06 13:48:36.436983+05:30
rno0l7car8it03qa5wp02ay28imtz60r	.eJxVjDsOwjAQBe_iGlnxX6ak5wzWeneNA8iW4qRC3B0ipYD2zcx7iQTbWtM2eEkzibOw4vS7ZcAHtx3QHdqtS-xtXeYsd0UedMhrJ35eDvfvoMKo31qZglGhDzZqHTl4lwsiWPBgwhSUJ0bMxhGXjI4teecUsbNAOGmM4v0B9L84ww:1uNSNN:1VDc2glnfm5Oih3wPKToA0s5mv5YV0fGkDx896eAVU8	2025-06-06 14:54:33.222147+05:30
q9v3bts2s58s00hcgcm6amzkz4wlw15e	.eJxVjDsOwjAQBe_iGlnxX6ak5wzWeneNA8iW4qRC3B0ipYD2zcx7iQTbWtM2eEkzibOw4vS7ZcAHtx3QHdqtS-xtXeYsd0UedMhrJ35eDvfvoMKo31qZglGhDzZqHTl4lwsiWPBgwhSUJ0bMxhGXjI4teecUsbNAOGmM4v0B9L84ww:1uNuQs:tOaBI_pO3G4M72syxl3jp_75fLBG0oUczQjMbDkta3k	2025-06-07 20:52:02.383274+05:30
j6ovtjx412gbrhyq1pfxga3y8i13zjjo	.eJxVjDsOwjAQBe_iGlnxX6ak5wzWeneNA8iW4qRC3B0ipYD2zcx7iQTbWtM2eEkzibOw4vS7ZcAHtx3QHdqtS-xtXeYsd0UedMhrJ35eDvfvoMKo31qZglGhDzZqHTl4lwsiWPBgwhSUJ0bMxhGXjI4teecUsbNAOGmM4v0B9L84ww:1uOAIE:7WINdundAkHzxp8bYMx2lkfSE5WWzoQ6eOU31jDyJdk	2025-06-08 13:48:10.974641+05:30
btmqw85n4gbquqgv6s11yjndn384fuk6	.eJxVjDsOwjAQBe_iGlnxX6ak5wzWeneNA8iW4qRC3B0ipYD2zcx7iQTbWtM2eEkzibOw4vS7ZcAHtx3QHdqtS-xtXeYsd0UedMhrJ35eDvfvoMKo31qZglGhDzZqHTl4lwsiWPBgwhSUJ0bMxhGXjI4teecUsbNAOGmM4v0B9L84ww:1uOZXh:8EgCQ8yHBqp55xLaTYi0znRSnv5V2dEG1_ieKH9K6Hs	2025-06-09 16:45:49.503057+05:30
bjmkokh9bscrofnf5q8jyqakf4shwvn2	.eJxVjDsOwjAQBe_iGlnxX6ak5wzWeneNA8iW4qRC3B0ipYD2zcx7iQTbWtM2eEkzibOw4vS7ZcAHtx3QHdqtS-xtXeYsd0UedMhrJ35eDvfvoMKo31qZglGhDzZqHTl4lwsiWPBgwhSUJ0bMxhGXjI4teecUsbNAOGmM4v0B9L84ww:1uOuft:gL3LvnwJUFCRY4UrMVU39t7mQjry4_64utvXdFKCjqQ	2025-06-10 15:19:41.758033+05:30
g48idmo0t8l7088ywopak0dwjiuygl4i	.eJxVjDsOwjAQBe_iGlnxX6ak5wzWeneNA8iW4qRC3B0ipYD2zcx7iQTbWtM2eEkzibOw4vS7ZcAHtx3QHdqtS-xtXeYsd0UedMhrJ35eDvfvoMKo31qZglGhDzZqHTl4lwsiWPBgwhSUJ0bMxhGXjI4teecUsbNAOGmM4v0B9L84ww:1uOvg2:oFFqCEg3enEyKLkukenIods6r7QAXusSXIFPOkK2dZM	2025-06-10 16:23:54.954685+05:30
szmorvv4p00cxfskor94xcd9jovddbfu	.eJxVjDsOwjAQBe_iGlnxX6ak5wzWeneNA8iW4qRC3B0ipYD2zcx7iQTbWtM2eEkzibOw4vS7ZcAHtx3QHdqtS-xtXeYsd0UedMhrJ35eDvfvoMKo31qZglGhDzZqHTl4lwsiWPBgwhSUJ0bMxhGXjI4teecUsbNAOGmM4v0B9L84ww:1uPFev:FEMTQMJc4rnj0OO7frDFZ7FH0tanQWgJ4V0qybe_oVQ	2025-06-11 13:44:05.170888+05:30
n2qz7fmpxkrrpi35hdadsobly69xb9rr	.eJxVjDsOwjAQBe_iGlnxX6ak5wzWeneNA8iW4qRC3B0ipYD2zcx7iQTbWtM2eEkzibOw4vS7ZcAHtx3QHdqtS-xtXeYsd0UedMhrJ35eDvfvoMKo31qZglGhDzZqHTl4lwsiWPBgwhSUJ0bMxhGXjI4teecUsbNAOGmM4v0B9L84ww:1uPNLW:cSFbso1EH5pSMcdVCMr3H6uUKO-H5Uw9tbcaUZm9rt8	2025-06-11 21:56:34.860221+05:30
rc0ibp4gpgvgqdk6i9jqnajjzdiduck0	.eJxVjDsOwjAQBe_iGlnxX6ak5wzWeneNA8iW4qRC3B0ipYD2zcx7iQTbWtM2eEkzibOw4vS7ZcAHtx3QHdqtS-xtXeYsd0UedMhrJ35eDvfvoMKo31qZglGhDzZqHTl4lwsiWPBgwhSUJ0bMxhGXjI4teecUsbNAOGmM4v0B9L84ww:1uPOLE:vEmZCTykQdICXSHkKkBn-HKKcO3USiNFU5dBYnBc0mA	2025-06-11 23:00:20.992048+05:30
21onbypig394bl0k2rq55ss6op55n0o4	.eJxVjDsOwjAQBe_iGlnxX6ak5wzWeneNA8iW4qRC3B0ipYD2zcx7iQTbWtM2eEkzibOw4vS7ZcAHtx3QHdqtS-xtXeYsd0UedMhrJ35eDvfvoMKo31qZglGhDzZqHTl4lwsiWPBgwhSUJ0bMxhGXjI4teecUsbNAOGmM4v0B9L84ww:1uQJH2:AllkLv6QYUNwoxHnPEOA2r2XIVLjFpI42Ic1PWCiSdE	2025-06-14 11:47:48.054368+05:30
k36yjzzz7exqz2eyh8q6zvwqd7f185jj	.eJxVjDsOwjAQBe_iGlnxX6ak5wzWeneNA8iW4qRC3B0ipYD2zcx7iQTbWtM2eEkzibOw4vS7ZcAHtx3QHdqtS-xtXeYsd0UedMhrJ35eDvfvoMKo31qZglGhDzZqHTl4lwsiWPBgwhSUJ0bMxhGXjI4teecUsbNAOGmM4v0B9L84ww:1uQKFC:uR52ERKEfDKUvief0gnwGa6HEYz4cswsULOxVez2nCw	2025-06-14 12:49:58.029591+05:30
1cmfftzug0ihzwubphsfp2grjhp5rncw	.eJxVjDsOwjAQBe_iGlnxX6ak5wzWeneNA8iW4qRC3B0ipYD2zcx7iQTbWtM2eEkzibOw4vS7ZcAHtx3QHdqtS-xtXeYsd0UedMhrJ35eDvfvoMKo31qZglGhDzZqHTl4lwsiWPBgwhSUJ0bMxhGXjI4teecUsbNAOGmM4v0B9L84ww:1uQLJw:9H4i6QACCWs853GsIXj_3rsZxAWVQ8h5ejYlchEsyFU	2025-06-14 13:58:56.604893+05:30
ul2vsa4b3nptd1p5b13xtkdu61buygsx	.eJxVjDsOwjAQBe_iGlnxX6ak5wzWeneNA8iW4qRC3B0ipYD2zcx7iQTbWtM2eEkzibOw4vS7ZcAHtx3QHdqtS-xtXeYsd0UedMhrJ35eDvfvoMKo31qZglGhDzZqHTl4lwsiWPBgwhSUJ0bMxhGXjI4teecUsbNAOGmM4v0B9L84ww:1uQNki:2aS4f_dL9nNGC7dhCSSxxTAPO0Ws4l0gx_6DvXNOhI0	2025-06-14 16:34:44.344029+05:30
gf04r33pc9bfm2accckpj5hduu09vn5d	.eJxVjDsOwjAQBe_iGlnxX6ak5wzWeneNA8iW4qRC3B0ipYD2zcx7iQTbWtM2eEkzibOw4vS7ZcAHtx3QHdqtS-xtXeYsd0UedMhrJ35eDvfvoMKo31qZglGhDzZqHTl4lwsiWPBgwhSUJ0bMxhGXjI4teecUsbNAOGmM4v0B9L84ww:1uR1W2:jH6Vk9Sv-WGnIPJ5A-e3SAOG3vIbww1vYPpwPF5NxCE	2025-06-16 11:02:14.571712+05:30
xgf5w0mtswrxgcjgvayc3vcuu1lvrjxz	.eJxVjDsOwjAQBe_iGlnxX6ak5wzWeneNA8iW4qRC3B0ipYD2zcx7iQTbWtM2eEkzibOw4vS7ZcAHtx3QHdqtS-xtXeYsd0UedMhrJ35eDvfvoMKo31qZglGhDzZqHTl4lwsiWPBgwhSUJ0bMxhGXjI4teecUsbNAOGmM4v0B9L84ww:1uRCZc:eTyjrM14GiFIQ-nUqVj8qnHhzFLA_4N2h8hsWzIhnes	2025-06-16 22:50:40.54408+05:30
amhvqmzp09l4ekvpusi5tkqgg5ft9ky8	.eJxVjDsOwjAQRO_iGlleE39CSc8ZrF2vjQPIluKkQtydREoBzRTz3sxbBFyXEtae5jCxuAgnTr8dYXymugN-YL03GVtd5onkrsiDdnlrnF7Xw_07KNjLto6ayI8JYNhyZM_eQs7GcgRt2Z7ZISgdAZXR3jPkaNCTw8RErAYnPl_vqThn:1uRN3C:nQUhi3stAa1pdYMEWzRc_fw5oDyBphlCDHoaucTDLB4	2025-06-17 10:01:54.192323+05:30
6i9rdttu6yt6j5m0z62r6l3hgwhs2xgr	.eJxVjDsOwjAQRO_iGlleE39CSc8ZrF2vjQPIluKkQtydREoBzRTz3sxbBFyXEtae5jCxuAgnTr8dYXymugN-YL03GVtd5onkrsiDdnlrnF7Xw_07KNjLto6ayI8JYNhyZM_eQs7GcgRt2Z7ZISgdAZXR3jPkaNCTw8RErAYnPl_vqThn:1uRmkE:P2Jc1TjnoxshCQB5yVk3zOcbnH2D-EIiM1vobrdzQl8	2025-06-18 13:28:02.78559+05:30
\.


--
-- Data for Name: lottery_consolationprize; Type: TABLE DATA; Schema: public; Owner: postgres
--

COPY public.lottery_consolationprize (id, amount, ticket_number, draw_id, created_at, updated_at) FROM stdin;
\.


--
-- Data for Name: lottery_eighthprize; Type: TABLE DATA; Schema: public; Owner: postgres
--

COPY public.lottery_eighthprize (id, amount, number, draw_id, created_at, updated_at) FROM stdin;
\.


--
-- Data for Name: lottery_fifthprize; Type: TABLE DATA; Schema: public; Owner: postgres
--

COPY public.lottery_fifthprize (id, amount, ticket_number, place, draw_id, created_at, updated_at) FROM stdin;
\.


--
-- Data for Name: lottery_firstprize; Type: TABLE DATA; Schema: public; Owner: postgres
--

COPY public.lottery_firstprize (id, amount, ticket_number, place, draw_id, created_at, updated_at) FROM stdin;
\.


--
-- Data for Name: lottery_fourthprize; Type: TABLE DATA; Schema: public; Owner: postgres
--

COPY public.lottery_fourthprize (id, amount, ticket_number, place, draw_id, created_at, updated_at) FROM stdin;
\.


--
-- Data for Name: lottery_lotterydraw; Type: TABLE DATA; Schema: public; Owner: postgres
--

COPY public.lottery_lotterydraw (id, draw_number, draw_date, result_declared, lottery_type_id, result_id, created_at, updated_at) FROM stdin;
\.


--
-- Data for Name: lottery_lotterytype; Type: TABLE DATA; Schema: public; Owner: postgres
--

COPY public.lottery_lotterytype (id, name, code, price, first_prize_amount, description, created_at, updated_at) FROM stdin;
2	Win Win	WW	40	5000000	Win Win lottery is conducted every Monday.	2025-05-29 12:25:25.732181+05:30	2025-05-29 12:25:25.747693+05:30
3	test	test	435	5353	dg	2025-05-29 12:25:25.732181+05:30	2025-05-29 12:25:25.747693+05:30
5	kaarunya	AK	33	333		2025-05-29 14:14:07.797609+05:30	2025-05-29 14:14:07.797609+05:30
6	kaarunya	1210	44	444	4	2025-05-29 14:14:32.470836+05:30	2025-05-29 14:14:32.470836+05:30
7	kaarunya	1210	1	11	1	2025-05-29 14:40:19.777733+05:30	2025-05-29 14:40:19.777733+05:30
1	Akshaya	AK	80	7000000	Akshaya lottery is a popular Kerala state lottery.	2025-05-29 12:25:25.732181+05:30	2025-05-30 11:39:24.34301+05:30
\.


--
-- Data for Name: lottery_ninthprize; Type: TABLE DATA; Schema: public; Owner: postgres
--

COPY public.lottery_ninthprize (id, amount, number, draw_id, created_at, updated_at) FROM stdin;
\.


--
-- Data for Name: lottery_secondprize; Type: TABLE DATA; Schema: public; Owner: postgres
--

COPY public.lottery_secondprize (id, amount, ticket_number, place, draw_id, created_at, updated_at) FROM stdin;
\.


--
-- Data for Name: lottery_seventhprize; Type: TABLE DATA; Schema: public; Owner: postgres
--

COPY public.lottery_seventhprize (id, amount, number, draw_id, created_at, updated_at) FROM stdin;
\.


--
-- Data for Name: lottery_sixthprize; Type: TABLE DATA; Schema: public; Owner: postgres
--

COPY public.lottery_sixthprize (id, amount, number, draw_id, created_at, updated_at) FROM stdin;
\.


--
-- Data for Name: lottery_tenthprize; Type: TABLE DATA; Schema: public; Owner: postgres
--

COPY public.lottery_tenthprize (id, amount, number, draw_id, created_at, updated_at) FROM stdin;
\.


--
-- Data for Name: lottery_thirdprize; Type: TABLE DATA; Schema: public; Owner: postgres
--

COPY public.lottery_thirdprize (id, amount, ticket_number, place, draw_id, created_at, updated_at) FROM stdin;
\.


--
-- Data for Name: results_lottery; Type: TABLE DATA; Schema: public; Owner: postgres
--

COPY public.results_lottery (id, name, code, price, first_price, description) FROM stdin;
1	kaarunya	KR	50.00	10000000.00	Test 1
2	Akshaya	1210	30.00	10000000.00	test 2
3	BHAGYATHARA	BE	50.00	10000000.00	AT GORKY BHAVAN, NEAR BAKERY JUNCTION, THIRUVANANTHAPURAM
\.


--
-- Data for Name: results_lotteryresult; Type: TABLE DATA; Schema: public; Owner: postgres
--

COPY public.results_lotteryresult (id, date, draw_number, is_published, created_at, updated_at, lottery_id, unique_id, is_bumper) FROM stdin;
1	2025-06-01	1	t	2025-06-01 13:03:40.841582+05:30	2025-06-11 21:55:38.79749+05:30	1	9aaf3bdc-8212-452a-8505-0d6a1dda9589	f
7	2025-06-02	2	t	2025-06-01 16:48:19.457027+05:30	2025-06-14 11:58:58.980352+05:30	2	74b7c471-4f84-4b3c-8c5c-ca81d2451d0c	t
9	2025-06-11	3	t	2025-06-11 21:51:46.019944+05:30	2025-06-16 21:51:08.72233+05:30	1	fde5bf85-77f4-4ca6-ad91-ee8f48b19647	t
8	2025-06-03	1	t	2025-06-03 10:31:51.197089+05:30	2025-06-16 22:02:51.211435+05:30	3	87dfd587-7868-44f1-94ad-dfd23a61d8ae	f
\.


--
-- Data for Name: results_prizeentry; Type: TABLE DATA; Schema: public; Owner: postgres
--

COPY public.results_prizeentry (id, prize_type, prize_amount, ticket_number, place, created_at, lottery_result_id) FROM stdin;
3350	1st	3333.00	bb56565	thrissure	2025-06-16 21:51:08.736489+05:30	9
3351	2nd	1000.00	bb555	KOLLAM	2025-06-16 21:51:08.75593+05:30	9
3352	3rd	1000.00	ggggdg		2025-06-16 21:51:08.75593+05:30	9
3353	3rd	1000.00	uyeue		2025-06-16 21:51:08.770166+05:30	9
3354	consolation	1000.00	4555	\N	2025-06-16 21:51:08.770166+05:30	9
3355	consolation	1000.00	6666	\N	2025-06-16 21:51:08.770166+05:30	9
3356	consolation	1000.00	7464	\N	2025-06-16 21:51:08.770166+05:30	9
3357	consolation	1000.00	7777	\N	2025-06-16 21:51:08.770166+05:30	9
3222	1st	10.00	BB567587	gg	2025-06-11 21:55:38.813592+05:30	1
3223	2nd	2.00	2	2	2025-06-11 21:55:38.813592+05:30	1
3224	3rd	3.00	3	4	2025-06-11 21:55:38.813592+05:30	1
3264	1st	1000.00	1222	2244	2025-06-14 11:58:58.996908+05:30	7
3265	2nd	200.00	22	tt	2025-06-14 11:58:58.996908+05:30	7
3266	3rd	3.00	3	3	2025-06-14 11:58:58.996908+05:30	7
3267	consolation	1000.00	1212	\N	2025-06-14 11:58:58.996908+05:30	7
3268	consolation	1000.00	2221	\N	2025-06-14 11:58:58.996908+05:30	7
3269	consolation	1000.00	22222	\N	2025-06-14 11:58:58.996908+05:30	7
3270	consolation	1000.00	224253	\N	2025-06-14 11:58:59.01349+05:30	7
3271	consolation	1000.00	6464377	\N	2025-06-14 11:58:59.01349+05:30	7
3272	consolation	1000.00	3773	\N	2025-06-14 11:58:59.01349+05:30	7
3273	consolation	1000.00	737	\N	2025-06-14 11:58:59.01349+05:30	7
3274	consolation	1000.00	737	\N	2025-06-14 11:58:59.01349+05:30	7
3275	consolation	1000.00	3737	\N	2025-06-14 11:58:59.01349+05:30	7
3276	consolation	1000.00	737	\N	2025-06-14 11:58:59.01349+05:30	7
6601	1st	10000000.00	BE860294	KATTAPPANA	2025-06-16 22:02:51.227932+05:30	8
6602	2nd	7500000.00	BE757918	THRISSUR	2025-06-16 22:02:51.227932+05:30	8
6603	3rd	100000.00	682043	IRINJALAKUDA	2025-06-16 22:02:51.227932+05:30	8
6604	3rd	100000.00	BF674899	ADOOR	2025-06-16 22:02:51.227932+05:30	8
6605	3rd	100000.00	BC157903	KANNUR	2025-06-16 22:02:51.227932+05:30	8
6606	3rd	100000.00	BD464988	(KANNUR)	2025-06-16 22:02:51.227932+05:30	8
6607	3rd	100000.00	BE293882	(CHITTUR)	2025-06-16 22:02:51.227932+05:30	8
6608	3rd	100000.00	BF256395	(ERNAKULAM)	2025-06-16 22:02:51.242253+05:30	8
6609	3rd	100000.00	BG103296	(KOTTAYAM)	2025-06-16 22:02:51.242253+05:30	8
6610	3rd	100000.00	BH794085	(KARUNAGAPALLY)	2025-06-16 22:02:51.242253+05:30	8
6611	3rd	100000.00	BJ513928	(PUNALUR)	2025-06-16 22:02:51.242253+05:30	8
6612	3rd	100000.00	BK454235	MOOVATTUPUZHA	2025-06-16 22:02:51.242253+05:30	8
6613	3rd	100000.00	BL316375	PATTAMBI	2025-06-16 22:02:51.242253+05:30	8
6614	3rd	100000.00	BM513875	PUNALUR	2025-06-16 22:02:51.242253+05:30	8
6615	4th	5000.00	0254	\N	2025-06-16 22:02:51.242253+05:30	8
6616	4th	5000.00	0680	\N	2025-06-16 22:02:51.242253+05:30	8
6617	4th	5000.00	1897	\N	2025-06-16 22:02:51.242253+05:30	8
6618	4th	5000.00	2134	\N	2025-06-16 22:02:51.259687+05:30	8
6619	4th	5000.00	2177	\N	2025-06-16 22:02:51.259687+05:30	8
6620	4th	5000.00	3691	\N	2025-06-16 22:02:51.259687+05:30	8
6621	4th	5000.00	4469	\N	2025-06-16 22:02:51.259687+05:30	8
6622	4th	5000.00	4964	\N	2025-06-16 22:02:51.259687+05:30	8
6623	4th	5000.00	5231	\N	2025-06-16 22:02:51.259687+05:30	8
6624	4th	5000.00	6536	\N	2025-06-16 22:02:51.259687+05:30	8
6625	4th	5000.00	7166	\N	2025-06-16 22:02:51.259687+05:30	8
6626	4th	5000.00	7785	\N	2025-06-16 22:02:51.259687+05:30	8
6627	4th	5000.00	8135	\N	2025-06-16 22:02:51.275073+05:30	8
6628	4th	5000.00	8183	\N	2025-06-16 22:02:51.275377+05:30	8
6629	4th	5000.00	8760	\N	2025-06-16 22:02:51.275377+05:30	8
6630	4th	5000.00	8920	\N	2025-06-16 22:02:51.275377+05:30	8
6631	4th	5000.00	9496	\N	2025-06-16 22:02:51.275377+05:30	8
6632	4th	5000.00	9574	\N	2025-06-16 22:02:51.275377+05:30	8
6633	5th	1000.00	0153	\N	2025-06-16 22:02:51.275377+05:30	8
6634	5th	1000.00	0233	\N	2025-06-16 22:02:51.275377+05:30	8
6635	5th	1000.00	0646	\N	2025-06-16 22:02:51.275377+05:30	8
6636	5th	1000.00	1054	\N	2025-06-16 22:02:51.275377+05:30	8
6637	5th	1000.00	1809	\N	2025-06-16 22:02:51.275377+05:30	8
6638	5th	1000.00	2330	\N	2025-06-16 22:02:51.294594+05:30	8
6639	5th	1000.00	2552	\N	2025-06-16 22:02:51.294594+05:30	8
6640	5th	1000.00	2825	\N	2025-06-16 22:02:51.294594+05:30	8
6641	5th	1000.00	2961	\N	2025-06-16 22:02:51.294594+05:30	8
6642	5th	1000.00	3039	\N	2025-06-16 22:02:51.294594+05:30	8
6643	5th	1000.00	3217	\N	2025-06-16 22:02:51.294594+05:30	8
6644	5th	1000.00	3318	\N	2025-06-16 22:02:51.294594+05:30	8
6645	5th	1000.00	3461	\N	2025-06-16 22:02:51.294594+05:30	8
6646	5th	1000.00	3469	\N	2025-06-16 22:02:51.294594+05:30	8
6647	5th	1000.00	3475	\N	2025-06-16 22:02:51.308562+05:30	8
6648	5th	1000.00	3759	\N	2025-06-16 22:02:51.312836+05:30	8
6649	5th	1000.00	4501	\N	2025-06-16 22:02:51.313836+05:30	8
6650	5th	1000.00	4710	\N	2025-06-16 22:02:51.315835+05:30	8
6651	5th	1000.00	4901	\N	2025-06-16 22:02:51.317834+05:30	8
6652	5th	1000.00	6047	\N	2025-06-16 22:02:51.318832+05:30	8
6653	5th	1000.00	7114	\N	2025-06-16 22:02:51.319834+05:30	8
6654	5th	1000.00	7198	\N	2025-06-16 22:02:51.320831+05:30	8
6655	5th	1000.00	7271	\N	2025-06-16 22:02:51.32183+05:30	8
6656	5th	1000.00	7536	\N	2025-06-16 22:02:51.322832+05:30	8
6657	5th	1000.00	7602	\N	2025-06-16 22:02:51.325699+05:30	8
6658	6th	500.00	5701	\N	2025-06-16 22:02:51.325699+05:30	8
6659	6th	500.00	5772	\N	2025-06-16 22:02:51.325699+05:30	8
6660	6th	500.00	5858	\N	2025-06-16 22:02:51.325699+05:30	8
6661	6th	500.00	5908	\N	2025-06-16 22:02:51.325699+05:30	8
6662	6th	500.00	6110	\N	2025-06-16 22:02:51.325699+05:30	8
6663	6th	500.00	6139	\N	2025-06-16 22:02:51.325699+05:30	8
6664	6th	500.00	6150	\N	2025-06-16 22:02:51.325699+05:30	8
6665	6th	500.00	6400	\N	2025-06-16 22:02:51.325699+05:30	8
6666	6th	500.00	6469	\N	2025-06-16 22:02:51.325699+05:30	8
6667	6th	500.00	6517	\N	2025-06-16 22:02:51.325699+05:30	8
6668	6th	500.00	6606	\N	2025-06-16 22:02:51.343586+05:30	8
6669	6th	500.00	6681	\N	2025-06-16 22:02:51.343586+05:30	8
6670	6th	500.00	6742	\N	2025-06-16 22:02:51.343586+05:30	8
6671	6th	500.00	6821	\N	2025-06-16 22:02:51.343586+05:30	8
6672	6th	500.00	6899	\N	2025-06-16 22:02:51.343586+05:30	8
6673	6th	500.00	6927	\N	2025-06-16 22:02:51.343586+05:30	8
6674	6th	500.00	7335	\N	2025-06-16 22:02:51.343586+05:30	8
6675	6th	500.00	7435	\N	2025-06-16 22:02:51.343586+05:30	8
6676	6th	500.00	7454	\N	2025-06-16 22:02:51.343586+05:30	8
6677	6th	500.00	7604	\N	2025-06-16 22:02:51.359706+05:30	8
6678	6th	500.00	7649	\N	2025-06-16 22:02:51.359706+05:30	8
6679	6th	500.00	8010	\N	2025-06-16 22:02:51.359706+05:30	8
6680	6th	500.00	8040	\N	2025-06-16 22:02:51.359706+05:30	8
6681	6th	500.00	8155	\N	2025-06-16 22:02:51.359706+05:30	8
6682	6th	500.00	8217	\N	2025-06-16 22:02:51.359706+05:30	8
6683	6th	500.00	8328	\N	2025-06-16 22:02:51.359706+05:30	8
6684	6th	500.00	8593	\N	2025-06-16 22:02:51.359706+05:30	8
6685	6th	500.00	8647	\N	2025-06-16 22:02:51.359706+05:30	8
6686	6th	500.00	8667	\N	2025-06-16 22:02:51.375177+05:30	8
6687	6th	500.00	8786	\N	2025-06-16 22:02:51.377175+05:30	8
6688	6th	500.00	8857	\N	2025-06-16 22:02:51.379174+05:30	8
6689	6th	500.00	8864	\N	2025-06-16 22:02:51.381426+05:30	8
6690	6th	500.00	8919	\N	2025-06-16 22:02:51.382426+05:30	8
6691	6th	500.00	8982	\N	2025-06-16 22:02:51.384428+05:30	8
6692	6th	500.00	8987	\N	2025-06-16 22:02:51.385426+05:30	8
6693	6th	500.00	9108	\N	2025-06-16 22:02:51.386426+05:30	8
6694	6th	500.00	9116	\N	2025-06-16 22:02:51.387424+05:30	8
6695	6th	500.00	9127	\N	2025-06-16 22:02:51.388422+05:30	8
6696	6th	500.00	9219	\N	2025-06-16 22:02:51.389422+05:30	8
6697	6th	500.00	9398	\N	2025-06-16 22:02:51.390421+05:30	8
6698	6th	500.00	9421	\N	2025-06-16 22:02:51.393421+05:30	8
6699	6th	500.00	9511	\N	2025-06-16 22:02:51.394209+05:30	8
6700	6th	500.00	9614	\N	2025-06-16 22:02:51.394209+05:30	8
6701	6th	500.00	9618	\N	2025-06-16 22:02:51.394209+05:30	8
6702	6th	500.00	9670	\N	2025-06-16 22:02:51.394209+05:30	8
6703	6th	500.00	9799	\N	2025-06-16 22:02:51.394209+05:30	8
6704	6th	500.00	9854	\N	2025-06-16 22:02:51.394209+05:30	8
6705	6th	500.00	9874	\N	2025-06-16 22:02:51.394209+05:30	8
6706	6th	500.00	0062	\N	2025-06-16 22:02:51.394209+05:30	8
6707	6th	500.00	0101	\N	2025-06-16 22:02:51.394209+05:30	8
6708	6th	500.00	0145	\N	2025-06-16 22:02:51.394209+05:30	8
6709	6th	500.00	0152	\N	2025-06-16 22:02:51.394209+05:30	8
6710	6th	500.00	0536	\N	2025-06-16 22:02:51.40983+05:30	8
6711	6th	500.00	0645	\N	2025-06-16 22:02:51.410984+05:30	8
6712	6th	500.00	0657	\N	2025-06-16 22:02:51.410984+05:30	8
6713	6th	500.00	1014	\N	2025-06-16 22:02:51.410984+05:30	8
6714	6th	500.00	1062	\N	2025-06-16 22:02:51.410984+05:30	8
6715	6th	500.00	1116	\N	2025-06-16 22:02:51.410984+05:30	8
6716	6th	500.00	1165	\N	2025-06-16 22:02:51.410984+05:30	8
6717	6th	500.00	1212	\N	2025-06-16 22:02:51.410984+05:30	8
6718	6th	500.00	1429	\N	2025-06-16 22:02:51.410984+05:30	8
6719	6th	500.00	1536	\N	2025-06-16 22:02:51.410984+05:30	8
6720	6th	500.00	1837	\N	2025-06-16 22:02:51.426291+05:30	8
6721	6th	500.00	1963	\N	2025-06-16 22:02:51.426291+05:30	8
6722	6th	500.00	1978	\N	2025-06-16 22:02:51.426291+05:30	8
6723	6th	500.00	2029	\N	2025-06-16 22:02:51.426291+05:30	8
6724	6th	500.00	2081	\N	2025-06-16 22:02:51.426291+05:30	8
6725	6th	500.00	2126	\N	2025-06-16 22:02:51.426291+05:30	8
6726	6th	500.00	2232	\N	2025-06-16 22:02:51.426291+05:30	8
6727	6th	500.00	2556	\N	2025-06-16 22:02:51.426291+05:30	8
6728	6th	500.00	2649	\N	2025-06-16 22:02:51.426291+05:30	8
6729	6th	500.00	2839	\N	2025-06-16 22:02:51.426291+05:30	8
6730	6th	500.00	2911	\N	2025-06-16 22:02:51.426291+05:30	8
6731	6th	500.00	2931	\N	2025-06-16 22:02:51.440839+05:30	8
6732	6th	500.00	2968	\N	2025-06-16 22:02:51.444595+05:30	8
6733	6th	500.00	2984	\N	2025-06-16 22:02:51.447085+05:30	8
6734	6th	500.00	3006	\N	2025-06-16 22:02:51.448084+05:30	8
6735	6th	500.00	3074	\N	2025-06-16 22:02:51.449582+05:30	8
6736	6th	500.00	3111	\N	2025-06-16 22:02:51.450642+05:30	8
6737	6th	500.00	3179	\N	2025-06-16 22:02:51.45151+05:30	8
6738	6th	500.00	3238	\N	2025-06-16 22:02:51.452353+05:30	8
6739	6th	500.00	3244	\N	2025-06-16 22:02:51.453184+05:30	8
6740	6th	500.00	3274	\N	2025-06-16 22:02:51.454005+05:30	8
6741	6th	500.00	3402	\N	2025-06-16 22:02:51.454825+05:30	8
6742	6th	500.00	3509	\N	2025-06-16 22:02:51.455786+05:30	8
6743	6th	500.00	3844	\N	2025-06-16 22:02:51.457635+05:30	8
6744	6th	500.00	3873	\N	2025-06-16 22:02:51.461632+05:30	8
6745	6th	500.00	3903	\N	2025-06-16 22:02:51.463841+05:30	8
6746	6th	500.00	3931	\N	2025-06-16 22:02:51.463841+05:30	8
6747	6th	500.00	3956	\N	2025-06-16 22:02:51.463841+05:30	8
6748	6th	500.00	4094	\N	2025-06-16 22:02:51.463841+05:30	8
6749	6th	500.00	4188	\N	2025-06-16 22:02:51.463841+05:30	8
6750	6th	500.00	4199	\N	2025-06-16 22:02:51.463841+05:30	8
6751	6th	500.00	4211	\N	2025-06-16 22:02:51.474315+05:30	8
6752	6th	500.00	4317	\N	2025-06-16 22:02:51.478321+05:30	8
6753	6th	500.00	4409	\N	2025-06-16 22:02:51.480696+05:30	8
6754	6th	500.00	4420	\N	2025-06-16 22:02:51.48228+05:30	8
6755	6th	500.00	4556	\N	2025-06-16 22:02:51.483017+05:30	8
6756	6th	500.00	4567	\N	2025-06-16 22:02:51.483906+05:30	8
6757	6th	500.00	4766	\N	2025-06-16 22:02:51.484737+05:30	8
6758	6th	500.00	4802	\N	2025-06-16 22:02:51.485555+05:30	8
6759	6th	500.00	4934	\N	2025-06-16 22:02:51.486372+05:30	8
6760	6th	500.00	5186	\N	2025-06-16 22:02:51.487184+05:30	8
6761	6th	500.00	5200	\N	2025-06-16 22:02:51.487993+05:30	8
6762	6th	500.00	5287	\N	2025-06-16 22:02:51.489288+05:30	8
6763	6th	500.00	5417	\N	2025-06-16 22:02:51.491107+05:30	8
6764	6th	500.00	5528	\N	2025-06-16 22:02:51.49199+05:30	8
6765	6th	500.00	5590	\N	2025-06-16 22:02:51.49199+05:30	8
6766	7th	100.00	0201	\N	2025-06-16 22:02:51.49199+05:30	8
6767	7th	100.00	0202	\N	2025-06-16 22:02:51.49199+05:30	8
6768	7th	100.00	0218	\N	2025-06-16 22:02:51.49199+05:30	8
6769	7th	100.00	0256	\N	2025-06-16 22:02:51.49199+05:30	8
6770	7th	100.00	0413	\N	2025-06-16 22:02:51.49199+05:30	8
6771	7th	100.00	0528	\N	2025-06-16 22:02:51.49199+05:30	8
6772	7th	100.00	0576	\N	2025-06-16 22:02:51.49199+05:30	8
6773	7th	100.00	0620	\N	2025-06-16 22:02:51.49199+05:30	8
6774	7th	100.00	0727	\N	2025-06-16 22:02:51.49199+05:30	8
6775	7th	100.00	0825	\N	2025-06-16 22:02:51.507423+05:30	8
6776	7th	100.00	0887	\N	2025-06-16 22:02:51.51042+05:30	8
6777	7th	100.00	0926	\N	2025-06-16 22:02:51.512293+05:30	8
6778	7th	100.00	0956	\N	2025-06-16 22:02:51.512293+05:30	8
6779	7th	100.00	0977	\N	2025-06-16 22:02:51.512293+05:30	8
6780	7th	100.00	0992	\N	2025-06-16 22:02:51.512293+05:30	8
6781	7th	100.00	1236	\N	2025-06-16 22:02:51.512293+05:30	8
6782	7th	100.00	1338	\N	2025-06-16 22:02:51.512293+05:30	8
6783	7th	100.00	1397	\N	2025-06-16 22:02:51.512293+05:30	8
6784	7th	100.00	1412	\N	2025-06-16 22:02:51.512293+05:30	8
6785	7th	100.00	1514	\N	2025-06-16 22:02:51.512293+05:30	8
6786	7th	100.00	1592	\N	2025-06-16 22:02:51.512293+05:30	8
6787	7th	100.00	1627	\N	2025-06-16 22:02:51.512293+05:30	8
6788	7th	100.00	1631	\N	2025-06-16 22:02:51.512293+05:30	8
6789	7th	100.00	1636	\N	2025-06-16 22:02:51.52486+05:30	8
6790	7th	100.00	1738	\N	2025-06-16 22:02:51.52486+05:30	8
6791	7th	100.00	1777	\N	2025-06-16 22:02:51.52486+05:30	8
6792	7th	100.00	1866	\N	2025-06-16 22:02:51.52486+05:30	8
6793	7th	100.00	1888	\N	2025-06-16 22:02:51.52486+05:30	8
6794	7th	100.00	1987	\N	2025-06-16 22:02:51.52486+05:30	8
6795	7th	100.00	2003	\N	2025-06-16 22:02:51.52486+05:30	8
6796	7th	100.00	2248	\N	2025-06-16 22:02:51.52486+05:30	8
6797	7th	100.00	2326	\N	2025-06-16 22:02:51.52486+05:30	8
6798	7th	100.00	2538	\N	2025-06-16 22:02:51.52486+05:30	8
6799	7th	100.00	2563	\N	2025-06-16 22:02:51.52486+05:30	8
6800	7th	100.00	2596	\N	2025-06-16 22:02:51.52486+05:30	8
6801	7th	100.00	2610	\N	2025-06-16 22:02:51.52486+05:30	8
6802	7th	100.00	2755	\N	2025-06-16 22:02:51.52486+05:30	8
6803	7th	100.00	2763	\N	2025-06-16 22:02:51.540976+05:30	8
6804	7th	100.00	2847	\N	2025-06-16 22:02:51.541976+05:30	8
6805	7th	100.00	3015	\N	2025-06-16 22:02:51.542975+05:30	8
6806	7th	100.00	3070	\N	2025-06-16 22:02:51.544974+05:30	8
6807	7th	100.00	3152	\N	2025-06-16 22:02:51.547091+05:30	8
6808	7th	100.00	3225	\N	2025-06-16 22:02:51.548093+05:30	8
6809	7th	100.00	3331	\N	2025-06-16 22:02:51.549601+05:30	8
6810	7th	100.00	3381	\N	2025-06-16 22:02:51.550808+05:30	8
6811	7th	100.00	3427	\N	2025-06-16 22:02:51.551686+05:30	8
6812	7th	100.00	3508	\N	2025-06-16 22:02:51.552689+05:30	8
6813	7th	100.00	3597	\N	2025-06-16 22:02:51.553792+05:30	8
6814	7th	100.00	3645	\N	2025-06-16 22:02:51.554731+05:30	8
6815	7th	100.00	3694	\N	2025-06-16 22:02:51.555557+05:30	8
6816	7th	100.00	3717	\N	2025-06-16 22:02:51.556561+05:30	8
6817	7th	100.00	3725	\N	2025-06-16 22:02:51.55742+05:30	8
6818	7th	100.00	3733	\N	2025-06-16 22:02:51.559421+05:30	8
6819	7th	100.00	3821	\N	2025-06-16 22:02:51.561418+05:30	8
6820	7th	100.00	3829	\N	2025-06-16 22:02:51.562052+05:30	8
6821	7th	100.00	3889	\N	2025-06-16 22:02:51.562052+05:30	8
6822	7th	100.00	3938	\N	2025-06-16 22:02:51.562052+05:30	8
6823	7th	100.00	4048	\N	2025-06-16 22:02:51.562052+05:30	8
6824	7th	100.00	4055	\N	2025-06-16 22:02:51.562052+05:30	8
6825	7th	100.00	4099	\N	2025-06-16 22:02:51.562052+05:30	8
6826	7th	100.00	4230	\N	2025-06-16 22:02:51.562052+05:30	8
6827	7th	100.00	4378	\N	2025-06-16 22:02:51.562052+05:30	8
6828	7th	100.00	4384	\N	2025-06-16 22:02:51.562052+05:30	8
6829	7th	100.00	4424	\N	2025-06-16 22:02:51.562052+05:30	8
6830	7th	100.00	4437	\N	2025-06-16 22:02:51.562052+05:30	8
6831	7th	100.00	4448	\N	2025-06-16 22:02:51.574029+05:30	8
6832	7th	100.00	4538	\N	2025-06-16 22:02:51.577024+05:30	8
6833	7th	100.00	4546	\N	2025-06-16 22:02:51.5792+05:30	8
6834	7th	100.00	4549	\N	2025-06-16 22:02:51.5792+05:30	8
6835	7th	100.00	4662	\N	2025-06-16 22:02:51.5792+05:30	8
6836	7th	100.00	4671	\N	2025-06-16 22:02:51.5792+05:30	8
6837	7th	100.00	4824	\N	2025-06-16 22:02:51.5792+05:30	8
6838	7th	100.00	4884	\N	2025-06-16 22:02:51.5792+05:30	8
6839	7th	100.00	4902	\N	2025-06-16 22:02:51.5792+05:30	8
6840	7th	100.00	4986	\N	2025-06-16 22:02:51.5792+05:30	8
6841	7th	100.00	4987	\N	2025-06-16 22:02:51.5792+05:30	8
6842	7th	100.00	5013	\N	2025-06-16 22:02:51.5792+05:30	8
6843	7th	100.00	5241	\N	2025-06-16 22:02:51.5792+05:30	8
6844	7th	100.00	5335	\N	2025-06-16 22:02:51.591904+05:30	8
6845	7th	100.00	5367	\N	2025-06-16 22:02:51.5949+05:30	8
6846	7th	100.00	5383	\N	2025-06-16 22:02:51.596471+05:30	8
6847	7th	100.00	5485	\N	2025-06-16 22:02:51.596471+05:30	8
6848	7th	100.00	5599	\N	2025-06-16 22:02:51.596471+05:30	8
6849	7th	100.00	5735	\N	2025-06-16 22:02:51.596471+05:30	8
6850	7th	100.00	5821	\N	2025-06-16 22:02:51.596471+05:30	8
6851	7th	100.00	5830	\N	2025-06-16 22:02:51.596471+05:30	8
6852	7th	100.00	5866	\N	2025-06-16 22:02:51.596471+05:30	8
6853	7th	100.00	5916	\N	2025-06-16 22:02:51.596471+05:30	8
6854	7th	100.00	5953	\N	2025-06-16 22:02:51.596471+05:30	8
6855	7th	100.00	5999	\N	2025-06-16 22:02:51.607355+05:30	8
6856	7th	100.00	6114	\N	2025-06-16 22:02:51.609354+05:30	8
6857	7th	100.00	6116	\N	2025-06-16 22:02:51.611352+05:30	8
6858	7th	100.00	6181	\N	2025-06-16 22:02:51.612353+05:30	8
6859	7th	100.00	6203	\N	2025-06-16 22:02:51.61435+05:30	8
6860	7th	100.00	6229	\N	2025-06-16 22:02:51.615241+05:30	8
6861	7th	100.00	6241	\N	2025-06-16 22:02:51.616244+05:30	8
6862	7th	100.00	6308	\N	2025-06-16 22:02:51.618357+05:30	8
6863	7th	100.00	6332	\N	2025-06-16 22:02:51.619068+05:30	8
6864	7th	100.00	6360	\N	2025-06-16 22:02:51.620012+05:30	8
6865	7th	100.00	6396	\N	2025-06-16 22:02:51.620857+05:30	8
6866	7th	100.00	6421	\N	2025-06-16 22:02:51.621685+05:30	8
6867	7th	100.00	6422	\N	2025-06-16 22:02:51.62251+05:30	8
6868	7th	100.00	6424	\N	2025-06-16 22:02:51.62333+05:30	8
6869	7th	100.00	6449	\N	2025-06-16 22:02:51.626077+05:30	8
6870	7th	100.00	6478	\N	2025-06-16 22:02:51.627078+05:30	8
6871	7th	100.00	6610	\N	2025-06-16 22:02:51.62881+05:30	8
6872	7th	100.00	6635	\N	2025-06-16 22:02:51.62881+05:30	8
6873	7th	100.00	6645	\N	2025-06-16 22:02:51.62881+05:30	8
6874	7th	100.00	6655	\N	2025-06-16 22:02:51.62881+05:30	8
6875	7th	100.00	6660	\N	2025-06-16 22:02:51.62881+05:30	8
6876	7th	100.00	6734	\N	2025-06-16 22:02:51.62881+05:30	8
6877	7th	100.00	6740	\N	2025-06-16 22:02:51.62881+05:30	8
6878	7th	100.00	6825	\N	2025-06-16 22:02:51.62881+05:30	8
6879	7th	100.00	6830	\N	2025-06-16 22:02:51.62881+05:30	8
6880	7th	100.00	6934	\N	2025-06-16 22:02:51.62881+05:30	8
6881	7th	100.00	7012	\N	2025-06-16 22:02:51.62881+05:30	8
6882	7th	100.00	7037	\N	2025-06-16 22:02:51.62881+05:30	8
6883	7th	100.00	7082	\N	2025-06-16 22:02:51.62881+05:30	8
6884	7th	100.00	7133	\N	2025-06-16 22:02:51.645703+05:30	8
6885	7th	100.00	7198	\N	2025-06-16 22:02:51.645703+05:30	8
6886	7th	100.00	7284	\N	2025-06-16 22:02:51.645703+05:30	8
6887	7th	100.00	7317	\N	2025-06-16 22:02:51.645703+05:30	8
6888	7th	100.00	7364	\N	2025-06-16 22:02:51.645703+05:30	8
6889	7th	100.00	7425	\N	2025-06-16 22:02:51.645703+05:30	8
6890	7th	100.00	7432	\N	2025-06-16 22:02:51.645703+05:30	8
6891	7th	100.00	7510	\N	2025-06-16 22:02:51.645703+05:30	8
6892	7th	100.00	7528	\N	2025-06-16 22:02:51.645703+05:30	8
6893	7th	100.00	7535	\N	2025-06-16 22:02:51.645703+05:30	8
6894	7th	100.00	7553	\N	2025-06-16 22:02:51.657359+05:30	8
6895	7th	100.00	7592	\N	2025-06-16 22:02:51.659357+05:30	8
6896	7th	100.00	7595	\N	2025-06-16 22:02:51.661356+05:30	8
6897	7th	100.00	7628	\N	2025-06-16 22:02:51.66298+05:30	8
6898	7th	100.00	7671	\N	2025-06-16 22:02:51.66298+05:30	8
6899	7th	100.00	7721	\N	2025-06-16 22:02:51.66298+05:30	8
6900	7th	100.00	7753	\N	2025-06-16 22:02:51.66298+05:30	8
6901	7th	100.00	7763	\N	2025-06-16 22:02:51.66298+05:30	8
6902	7th	100.00	7770	\N	2025-06-16 22:02:51.66298+05:30	8
6903	7th	100.00	7783	\N	2025-06-16 22:02:51.66298+05:30	8
6904	7th	100.00	7792	\N	2025-06-16 22:02:51.66298+05:30	8
6905	7th	100.00	7805	\N	2025-06-16 22:02:51.66298+05:30	8
6906	7th	100.00	7812	\N	2025-06-16 22:02:51.673973+05:30	8
6907	7th	100.00	7834	\N	2025-06-16 22:02:51.675971+05:30	8
6908	7th	100.00	7876	\N	2025-06-16 22:02:51.676974+05:30	8
6909	7th	100.00	7910	\N	2025-06-16 22:02:51.67897+05:30	8
6910	7th	100.00	7962	\N	2025-06-16 22:02:51.680969+05:30	8
6911	7th	100.00	8067	\N	2025-06-16 22:02:51.681972+05:30	8
6912	7th	100.00	8068	\N	2025-06-16 22:02:51.683268+05:30	8
6913	7th	100.00	8116	\N	2025-06-16 22:02:51.684152+05:30	8
6914	7th	100.00	8120	\N	2025-06-16 22:02:51.684998+05:30	8
6915	7th	100.00	8137	\N	2025-06-16 22:02:51.685832+05:30	8
6916	7th	100.00	8147	\N	2025-06-16 22:02:51.686661+05:30	8
6917	7th	100.00	8154	\N	2025-06-16 22:02:51.687481+05:30	8
6918	7th	100.00	8193	\N	2025-06-16 22:02:51.688485+05:30	8
6919	7th	100.00	8261	\N	2025-06-16 22:02:51.689644+05:30	8
6920	7th	100.00	8400	\N	2025-06-16 22:02:51.691649+05:30	8
6921	7th	100.00	8415	\N	2025-06-16 22:02:51.692648+05:30	8
6922	7th	100.00	8444	\N	2025-06-16 22:02:51.695036+05:30	8
6923	7th	100.00	8494	\N	2025-06-16 22:02:51.695036+05:30	8
6924	7th	100.00	8558	\N	2025-06-16 22:02:51.695036+05:30	8
6925	7th	100.00	8574	\N	2025-06-16 22:02:51.695036+05:30	8
6926	7th	100.00	8578	\N	2025-06-16 22:02:51.695036+05:30	8
6927	7th	100.00	8581	\N	2025-06-16 22:02:51.695036+05:30	8
6928	7th	100.00	8806	\N	2025-06-16 22:02:51.695036+05:30	8
6929	7th	100.00	8822	\N	2025-06-16 22:02:51.695036+05:30	8
6930	7th	100.00	8889	\N	2025-06-16 22:02:51.695036+05:30	8
6931	7th	100.00	8935	\N	2025-06-16 22:02:51.695036+05:30	8
6932	7th	100.00	8960	\N	2025-06-16 22:02:51.695036+05:30	8
6933	7th	100.00	8996	\N	2025-06-16 22:02:51.695036+05:30	8
6934	7th	100.00	9023	\N	2025-06-16 22:02:51.707212+05:30	8
6935	7th	100.00	9032	\N	2025-06-16 22:02:51.708719+05:30	8
6936	7th	100.00	9037	\N	2025-06-16 22:02:51.708719+05:30	8
6937	7th	100.00	9048	\N	2025-06-16 22:02:51.708719+05:30	8
6938	7th	100.00	9133	\N	2025-06-16 22:02:51.708719+05:30	8
6939	7th	100.00	9230	\N	2025-06-16 22:02:51.708719+05:30	8
6940	7th	100.00	9235	\N	2025-06-16 22:02:51.708719+05:30	8
6941	7th	100.00	9337	\N	2025-06-16 22:02:51.708719+05:30	8
6942	7th	100.00	9462	\N	2025-06-16 22:02:51.708719+05:30	8
6943	7th	100.00	9503	\N	2025-06-16 22:02:51.708719+05:30	8
6944	7th	100.00	9523	\N	2025-06-16 22:02:51.708719+05:30	8
6945	7th	100.00	9556	\N	2025-06-16 22:02:51.708719+05:30	8
6946	7th	100.00	9557	\N	2025-06-16 22:02:51.708719+05:30	8
6947	7th	100.00	9582	\N	2025-06-16 22:02:51.708719+05:30	8
6948	7th	100.00	9603	\N	2025-06-16 22:02:51.708719+05:30	8
6949	7th	100.00	9650	\N	2025-06-16 22:02:51.725912+05:30	8
6950	7th	100.00	9662	\N	2025-06-16 22:02:51.727909+05:30	8
6951	7th	100.00	9771	\N	2025-06-16 22:02:51.729072+05:30	8
6952	7th	100.00	9792	\N	2025-06-16 22:02:51.729072+05:30	8
6953	7th	100.00	9812	\N	2025-06-16 22:02:51.729072+05:30	8
6954	7th	100.00	9885	\N	2025-06-16 22:02:51.729072+05:30	8
6955	7th	100.00	9918	\N	2025-06-16 22:02:51.729072+05:30	8
6956	7th	100.00	9926	\N	2025-06-16 22:02:51.729072+05:30	8
6957	7th	100.00	9933	\N	2025-06-16 22:02:51.729072+05:30	8
6958	7th	100.00	9943	\N	2025-06-16 22:02:51.729072+05:30	8
6959	8th	50.00	0006	\N	2025-06-16 22:02:51.729072+05:30	8
6960	8th	50.00	0021	\N	2025-06-16 22:02:51.741755+05:30	8
6961	8th	50.00	0197	\N	2025-06-16 22:02:51.743753+05:30	8
6962	8th	50.00	0212	\N	2025-06-16 22:02:51.74549+05:30	8
6963	8th	50.00	0269	\N	2025-06-16 22:02:51.74749+05:30	8
6964	8th	50.00	0279	\N	2025-06-16 22:02:51.748657+05:30	8
6965	8th	50.00	0330	\N	2025-06-16 22:02:51.749987+05:30	8
6966	8th	50.00	0340	\N	2025-06-16 22:02:51.750911+05:30	8
6967	8th	50.00	0346	\N	2025-06-16 22:02:51.751756+05:30	8
6968	8th	50.00	0357	\N	2025-06-16 22:02:51.753244+05:30	8
6969	8th	50.00	0419	\N	2025-06-16 22:02:51.753994+05:30	8
6970	8th	50.00	0441	\N	2025-06-16 22:02:51.754926+05:30	8
6971	8th	50.00	0483	\N	2025-06-16 22:02:51.755771+05:30	8
6972	8th	50.00	0515	\N	2025-06-16 22:02:51.757226+05:30	8
6973	8th	50.00	0632	\N	2025-06-16 22:02:51.758545+05:30	8
6974	8th	50.00	0659	\N	2025-06-16 22:02:51.759541+05:30	8
6975	8th	50.00	0693	\N	2025-06-16 22:02:51.76154+05:30	8
6976	8th	50.00	0719	\N	2025-06-16 22:02:51.762471+05:30	8
6977	8th	50.00	0798	\N	2025-06-16 22:02:51.762471+05:30	8
6978	8th	50.00	0831	\N	2025-06-16 22:02:51.762471+05:30	8
6979	8th	50.00	0859	\N	2025-06-16 22:02:51.762471+05:30	8
6980	8th	50.00	0900	\N	2025-06-16 22:02:51.762471+05:30	8
6981	8th	50.00	0965	\N	2025-06-16 22:02:51.762471+05:30	8
6982	8th	50.00	0987	\N	2025-06-16 22:02:51.762471+05:30	8
6983	8th	50.00	1024	\N	2025-06-16 22:02:51.762471+05:30	8
6984	8th	50.00	1069	\N	2025-06-16 22:02:51.762471+05:30	8
6985	8th	50.00	1070	\N	2025-06-16 22:02:51.762471+05:30	8
6986	8th	50.00	1073	\N	2025-06-16 22:02:51.773821+05:30	8
6987	8th	50.00	1079	\N	2025-06-16 22:02:51.776817+05:30	8
6988	8th	50.00	1110	\N	2025-06-16 22:02:51.779042+05:30	8
6989	8th	50.00	1195	\N	2025-06-16 22:02:51.779042+05:30	8
6990	8th	50.00	1198	\N	2025-06-16 22:02:51.779042+05:30	8
6991	8th	50.00	1204	\N	2025-06-16 22:02:51.779042+05:30	8
6992	8th	50.00	1301	\N	2025-06-16 22:02:51.779042+05:30	8
6993	8th	50.00	1329	\N	2025-06-16 22:02:51.779042+05:30	8
6994	8th	50.00	1356	\N	2025-06-16 22:02:51.779042+05:30	8
6995	8th	50.00	1433	\N	2025-06-16 22:02:51.779042+05:30	8
6996	8th	50.00	1477	\N	2025-06-16 22:02:51.779042+05:30	8
6997	8th	50.00	1506	\N	2025-06-16 22:02:51.779042+05:30	8
6998	8th	50.00	1571	\N	2025-06-16 22:02:51.79074+05:30	8
6999	8th	50.00	1728	\N	2025-06-16 22:02:51.792739+05:30	8
7000	8th	50.00	1893	\N	2025-06-16 22:02:51.794738+05:30	8
7001	8th	50.00	1905	\N	2025-06-16 22:02:51.795408+05:30	8
7002	8th	50.00	1917	\N	2025-06-16 22:02:51.795408+05:30	8
7003	8th	50.00	2127	\N	2025-06-16 22:02:51.795408+05:30	8
7004	8th	50.00	2133	\N	2025-06-16 22:02:51.795408+05:30	8
7005	8th	50.00	2138	\N	2025-06-16 22:02:51.795408+05:30	8
7006	8th	50.00	2210	\N	2025-06-16 22:02:51.795408+05:30	8
7007	8th	50.00	2218	\N	2025-06-16 22:02:51.795408+05:30	8
7008	8th	50.00	2223	\N	2025-06-16 22:02:51.795408+05:30	8
7009	8th	50.00	2280	\N	2025-06-16 22:02:51.795408+05:30	8
7010	8th	50.00	2285	\N	2025-06-16 22:02:51.795408+05:30	8
7011	8th	50.00	2383	\N	2025-06-16 22:02:51.808395+05:30	8
7012	8th	50.00	2419	\N	2025-06-16 22:02:51.809394+05:30	8
7013	8th	50.00	2484	\N	2025-06-16 22:02:51.811393+05:30	8
7014	8th	50.00	2536	\N	2025-06-16 22:02:51.812394+05:30	8
7015	8th	50.00	2601	\N	2025-06-16 22:02:51.814392+05:30	8
7016	8th	50.00	2661	\N	2025-06-16 22:02:51.815395+05:30	8
7017	8th	50.00	2689	\N	2025-06-16 22:02:51.816549+05:30	8
7018	8th	50.00	2768	\N	2025-06-16 22:02:51.817439+05:30	8
7019	8th	50.00	2792	\N	2025-06-16 22:02:51.818279+05:30	8
7020	8th	50.00	2869	\N	2025-06-16 22:02:51.819282+05:30	8
7021	8th	50.00	2877	\N	2025-06-16 22:02:51.820282+05:30	8
7022	8th	50.00	2886	\N	2025-06-16 22:02:51.820768+05:30	8
7023	8th	50.00	2942	\N	2025-06-16 22:02:51.821772+05:30	8
7024	8th	50.00	2944	\N	2025-06-16 22:02:51.822772+05:30	8
7025	8th	50.00	2958	\N	2025-06-16 22:02:51.824098+05:30	8
7026	8th	50.00	3047	\N	2025-06-16 22:02:51.824632+05:30	8
7027	8th	50.00	3095	\N	2025-06-16 22:02:51.824632+05:30	8
7028	8th	50.00	3113	\N	2025-06-16 22:02:51.824632+05:30	8
7029	8th	50.00	3173	\N	2025-06-16 22:02:51.824632+05:30	8
7030	8th	50.00	3249	\N	2025-06-16 22:02:51.824632+05:30	8
7031	8th	50.00	3305	\N	2025-06-16 22:02:51.824632+05:30	8
7032	8th	50.00	3316	\N	2025-06-16 22:02:51.824632+05:30	8
7033	8th	50.00	3340	\N	2025-06-16 22:02:51.824632+05:30	8
7034	8th	50.00	3410	\N	2025-06-16 22:02:51.824632+05:30	8
7035	8th	50.00	3418	\N	2025-06-16 22:02:51.824632+05:30	8
7036	8th	50.00	3423	\N	2025-06-16 22:02:51.824632+05:30	8
7037	8th	50.00	3487	\N	2025-06-16 22:02:51.824632+05:30	8
7038	8th	50.00	3639	\N	2025-06-16 22:02:51.824632+05:30	8
7039	8th	50.00	3663	\N	2025-06-16 22:02:51.824632+05:30	8
7040	8th	50.00	3708	\N	2025-06-16 22:02:51.824632+05:30	8
7041	8th	50.00	3716	\N	2025-06-16 22:02:51.824632+05:30	8
7042	8th	50.00	3740	\N	2025-06-16 22:02:51.84208+05:30	8
7043	8th	50.00	3753	\N	2025-06-16 22:02:51.84208+05:30	8
7044	8th	50.00	3834	\N	2025-06-16 22:02:51.84208+05:30	8
7045	8th	50.00	3853	\N	2025-06-16 22:02:51.84208+05:30	8
7046	8th	50.00	3878	\N	2025-06-16 22:02:51.84208+05:30	8
7047	8th	50.00	3901	\N	2025-06-16 22:02:51.84208+05:30	8
7048	8th	50.00	4011	\N	2025-06-16 22:02:51.84208+05:30	8
7049	8th	50.00	4034	\N	2025-06-16 22:02:51.84208+05:30	8
7050	8th	50.00	4076	\N	2025-06-16 22:02:51.84208+05:30	8
7051	8th	50.00	4093	\N	2025-06-16 22:02:51.84208+05:30	8
7052	8th	50.00	4095	\N	2025-06-16 22:02:51.84208+05:30	8
7053	8th	50.00	4106	\N	2025-06-16 22:02:51.84208+05:30	8
7054	8th	50.00	4123	\N	2025-06-16 22:02:51.84208+05:30	8
7055	8th	50.00	4150	\N	2025-06-16 22:02:51.84208+05:30	8
7056	8th	50.00	4159	\N	2025-06-16 22:02:51.84208+05:30	8
7057	8th	50.00	4176	\N	2025-06-16 22:02:51.857805+05:30	8
7058	8th	50.00	4358	\N	2025-06-16 22:02:51.857805+05:30	8
7059	8th	50.00	4381	\N	2025-06-16 22:02:51.857805+05:30	8
7060	8th	50.00	4393	\N	2025-06-16 22:02:51.857805+05:30	8
7061	8th	50.00	4447	\N	2025-06-16 22:02:51.857805+05:30	8
7062	8th	50.00	4456	\N	2025-06-16 22:02:51.857805+05:30	8
7063	8th	50.00	4496	\N	2025-06-16 22:02:51.857805+05:30	8
7064	8th	50.00	4504	\N	2025-06-16 22:02:51.857805+05:30	8
7065	8th	50.00	4583	\N	2025-06-16 22:02:51.857805+05:30	8
7066	8th	50.00	4604	\N	2025-06-16 22:02:51.857805+05:30	8
7067	8th	50.00	4621	\N	2025-06-16 22:02:51.857805+05:30	8
7068	8th	50.00	4652	\N	2025-06-16 22:02:51.857805+05:30	8
7069	8th	50.00	4711	\N	2025-06-16 22:02:51.857805+05:30	8
7070	8th	50.00	4715	\N	2025-06-16 22:02:51.857805+05:30	8
7071	8th	50.00	4725	\N	2025-06-16 22:02:51.873431+05:30	8
7072	8th	50.00	4750	\N	2025-06-16 22:02:51.874907+05:30	8
7073	8th	50.00	4880	\N	2025-06-16 22:02:51.876905+05:30	8
7074	8th	50.00	4937	\N	2025-06-16 22:02:51.878474+05:30	8
7075	8th	50.00	4951	\N	2025-06-16 22:02:51.880422+05:30	8
7076	8th	50.00	4952	\N	2025-06-16 22:02:51.881966+05:30	8
7077	8th	50.00	4956	\N	2025-06-16 22:02:51.883182+05:30	8
7078	8th	50.00	4962	\N	2025-06-16 22:02:51.884117+05:30	8
7079	8th	50.00	5080	\N	2025-06-16 22:02:51.884972+05:30	8
7080	8th	50.00	5144	\N	2025-06-16 22:02:51.885805+05:30	8
7081	8th	50.00	5149	\N	2025-06-16 22:02:51.88663+05:30	8
7082	8th	50.00	5196	\N	2025-06-16 22:02:51.887451+05:30	8
7083	8th	50.00	5247	\N	2025-06-16 22:02:51.888454+05:30	8
7084	8th	50.00	5402	\N	2025-06-16 22:02:51.889245+05:30	8
7085	8th	50.00	5468	\N	2025-06-16 22:02:51.892545+05:30	8
7086	8th	50.00	5519	\N	2025-06-16 22:02:51.894539+05:30	8
7087	8th	50.00	5598	\N	2025-06-16 22:02:51.895139+05:30	8
7088	8th	50.00	5633	\N	2025-06-16 22:02:51.895139+05:30	8
7089	8th	50.00	5651	\N	2025-06-16 22:02:51.895139+05:30	8
7090	8th	50.00	5652	\N	2025-06-16 22:02:51.895139+05:30	8
7091	8th	50.00	5705	\N	2025-06-16 22:02:51.895139+05:30	8
7092	8th	50.00	5774	\N	2025-06-16 22:02:51.895139+05:30	8
7093	8th	50.00	5881	\N	2025-06-16 22:02:51.895139+05:30	8
7094	8th	50.00	5921	\N	2025-06-16 22:02:51.895139+05:30	8
7095	8th	50.00	5936	\N	2025-06-16 22:02:51.895139+05:30	8
7096	8th	50.00	5965	\N	2025-06-16 22:02:51.90726+05:30	8
7097	8th	50.00	5977	\N	2025-06-16 22:02:51.90926+05:30	8
7098	8th	50.00	5992	\N	2025-06-16 22:02:51.911258+05:30	8
7099	8th	50.00	6013	\N	2025-06-16 22:02:51.91347+05:30	8
7100	8th	50.00	6019	\N	2025-06-16 22:02:51.915472+05:30	8
7101	8th	50.00	6167	\N	2025-06-16 22:02:51.916262+05:30	8
7102	8th	50.00	6250	\N	2025-06-16 22:02:51.917471+05:30	8
7103	8th	50.00	6340	\N	2025-06-16 22:02:51.918347+05:30	8
7104	8th	50.00	6458	\N	2025-06-16 22:02:51.919187+05:30	8
7105	8th	50.00	6549	\N	2025-06-16 22:02:51.920031+05:30	8
7106	8th	50.00	6558	\N	2025-06-16 22:02:51.921307+05:30	8
7107	8th	50.00	6589	\N	2025-06-16 22:02:51.922284+05:30	8
7108	8th	50.00	6599	\N	2025-06-16 22:02:51.924129+05:30	8
7109	8th	50.00	6605	\N	2025-06-16 22:02:51.925129+05:30	8
7110	8th	50.00	6649	\N	2025-06-16 22:02:51.927127+05:30	8
7111	8th	50.00	6748	\N	2025-06-16 22:02:51.928159+05:30	8
7112	8th	50.00	6751	\N	2025-06-16 22:02:51.928159+05:30	8
7113	8th	50.00	6753	\N	2025-06-16 22:02:51.928159+05:30	8
7114	8th	50.00	6777	\N	2025-06-16 22:02:51.928159+05:30	8
7115	8th	50.00	6888	\N	2025-06-16 22:02:51.928159+05:30	8
7116	8th	50.00	6929	\N	2025-06-16 22:02:51.928159+05:30	8
7117	8th	50.00	6942	\N	2025-06-16 22:02:51.928159+05:30	8
7118	8th	50.00	6950	\N	2025-06-16 22:02:51.928159+05:30	8
7119	8th	50.00	6978	\N	2025-06-16 22:02:51.928159+05:30	8
7120	8th	50.00	6995	\N	2025-06-16 22:02:51.928159+05:30	8
7121	8th	50.00	7064	\N	2025-06-16 22:02:51.928159+05:30	8
7122	8th	50.00	7122	\N	2025-06-16 22:02:51.94036+05:30	8
7123	8th	50.00	7215	\N	2025-06-16 22:02:51.943358+05:30	8
7124	8th	50.00	7221	\N	2025-06-16 22:02:51.945324+05:30	8
7125	8th	50.00	7270	\N	2025-06-16 22:02:51.945324+05:30	8
7126	8th	50.00	7300	\N	2025-06-16 22:02:51.945324+05:30	8
7127	8th	50.00	7340	\N	2025-06-16 22:02:51.945324+05:30	8
7128	8th	50.00	7384	\N	2025-06-16 22:02:51.945324+05:30	8
7129	8th	50.00	7393	\N	2025-06-16 22:02:51.945324+05:30	8
7130	8th	50.00	7407	\N	2025-06-16 22:02:51.945324+05:30	8
7131	8th	50.00	7453	\N	2025-06-16 22:02:51.945324+05:30	8
7132	8th	50.00	7460	\N	2025-06-16 22:02:51.945324+05:30	8
7133	8th	50.00	7484	\N	2025-06-16 22:02:51.945324+05:30	8
7134	8th	50.00	7485	\N	2025-06-16 22:02:51.95726+05:30	8
7135	8th	50.00	7569	\N	2025-06-16 22:02:51.959261+05:30	8
7136	8th	50.00	7669	\N	2025-06-16 22:02:51.961258+05:30	8
7137	8th	50.00	7684	\N	2025-06-16 22:02:51.962242+05:30	8
7138	8th	50.00	7715	\N	2025-06-16 22:02:51.962242+05:30	8
7139	8th	50.00	7782	\N	2025-06-16 22:02:51.962242+05:30	8
7140	8th	50.00	7793	\N	2025-06-16 22:02:51.962242+05:30	8
7141	8th	50.00	7798	\N	2025-06-16 22:02:51.962242+05:30	8
7142	8th	50.00	7811	\N	2025-06-16 22:02:51.962242+05:30	8
7143	8th	50.00	7832	\N	2025-06-16 22:02:51.962242+05:30	8
7144	8th	50.00	7885	\N	2025-06-16 22:02:51.962242+05:30	8
7145	8th	50.00	7902	\N	2025-06-16 22:02:51.962242+05:30	8
7146	8th	50.00	7903	\N	2025-06-16 22:02:51.962242+05:30	8
7147	8th	50.00	7918	\N	2025-06-16 22:02:51.973904+05:30	8
7148	8th	50.00	7920	\N	2025-06-16 22:02:51.975905+05:30	8
7149	8th	50.00	7973	\N	2025-06-16 22:02:51.977902+05:30	8
7150	8th	50.00	7990	\N	2025-06-16 22:02:51.978902+05:30	8
7151	8th	50.00	8169	\N	2025-06-16 22:02:51.979903+05:30	8
7152	8th	50.00	8204	\N	2025-06-16 22:02:51.981902+05:30	8
7153	8th	50.00	8216	\N	2025-06-16 22:02:51.983382+05:30	8
7154	8th	50.00	8220	\N	2025-06-16 22:02:51.984723+05:30	8
7155	8th	50.00	8225	\N	2025-06-16 22:02:51.98571+05:30	8
7156	8th	50.00	8235	\N	2025-06-16 22:02:51.986562+05:30	8
7157	8th	50.00	8279	\N	2025-06-16 22:02:51.987405+05:30	8
7158	8th	50.00	8364	\N	2025-06-16 22:02:51.988409+05:30	8
7159	8th	50.00	8365	\N	2025-06-16 22:02:51.989408+05:30	8
7160	8th	50.00	8408	\N	2025-06-16 22:02:51.990673+05:30	8
7161	8th	50.00	8423	\N	2025-06-16 22:02:51.991999+05:30	8
7162	8th	50.00	8427	\N	2025-06-16 22:02:51.991999+05:30	8
7163	8th	50.00	8495	\N	2025-06-16 22:02:51.991999+05:30	8
7164	8th	50.00	8511	\N	2025-06-16 22:02:51.991999+05:30	8
7165	8th	50.00	8532	\N	2025-06-16 22:02:51.991999+05:30	8
7166	8th	50.00	8690	\N	2025-06-16 22:02:51.991999+05:30	8
7167	8th	50.00	8739	\N	2025-06-16 22:02:51.991999+05:30	8
7168	8th	50.00	8757	\N	2025-06-16 22:02:51.991999+05:30	8
7169	8th	50.00	8759	\N	2025-06-16 22:02:51.991999+05:30	8
7170	8th	50.00	8782	\N	2025-06-16 22:02:51.991999+05:30	8
7171	8th	50.00	8812	\N	2025-06-16 22:02:51.991999+05:30	8
7172	8th	50.00	8840	\N	2025-06-16 22:02:51.991999+05:30	8
7173	8th	50.00	8869	\N	2025-06-16 22:02:51.991999+05:30	8
7174	8th	50.00	8883	\N	2025-06-16 22:02:51.991999+05:30	8
7175	8th	50.00	8892	\N	2025-06-16 22:02:51.991999+05:30	8
7176	8th	50.00	8903	\N	2025-06-16 22:02:52.006942+05:30	8
7177	8th	50.00	8953	\N	2025-06-16 22:02:52.009522+05:30	8
7178	8th	50.00	9029	\N	2025-06-16 22:02:52.009522+05:30	8
7179	8th	50.00	9069	\N	2025-06-16 22:02:52.009522+05:30	8
7180	8th	50.00	9070	\N	2025-06-16 22:02:52.009522+05:30	8
7181	8th	50.00	9114	\N	2025-06-16 22:02:52.009522+05:30	8
7182	8th	50.00	9121	\N	2025-06-16 22:02:52.009522+05:30	8
7183	8th	50.00	9275	\N	2025-06-16 22:02:52.009522+05:30	8
7184	8th	50.00	9288	\N	2025-06-16 22:02:52.009522+05:30	8
7185	8th	50.00	9319	\N	2025-06-16 22:02:52.009522+05:30	8
7186	8th	50.00	9514	\N	2025-06-16 22:02:52.009522+05:30	8
7187	8th	50.00	9516	\N	2025-06-16 22:02:52.009522+05:30	8
7188	8th	50.00	9524	\N	2025-06-16 22:02:52.009522+05:30	8
7189	8th	50.00	9560	\N	2025-06-16 22:02:52.009522+05:30	8
7190	8th	50.00	9567	\N	2025-06-16 22:02:52.023597+05:30	8
7191	8th	50.00	9577	\N	2025-06-16 22:02:52.024313+05:30	8
7192	8th	50.00	9594	\N	2025-06-16 22:02:52.024313+05:30	8
7193	8th	50.00	9602	\N	2025-06-16 22:02:52.024313+05:30	8
7194	8th	50.00	9633	\N	2025-06-16 22:02:52.024313+05:30	8
7195	8th	50.00	9671	\N	2025-06-16 22:02:52.024313+05:30	8
7196	8th	50.00	9706	\N	2025-06-16 22:02:52.024313+05:30	8
7197	8th	50.00	9707	\N	2025-06-16 22:02:52.024313+05:30	8
7198	8th	50.00	9716	\N	2025-06-16 22:02:52.024313+05:30	8
7199	9th	50.00	0179	\N	2025-06-16 22:02:52.024313+05:30	8
7200	9th	50.00	0262	\N	2025-06-16 22:02:52.024313+05:30	8
7201	9th	50.00	0295	\N	2025-06-16 22:02:52.024313+05:30	8
7202	9th	50.00	0430	\N	2025-06-16 22:02:52.024313+05:30	8
7203	9th	50.00	0616	\N	2025-06-16 22:02:52.024313+05:30	8
7204	9th	50.00	0681	\N	2025-06-16 22:02:52.024313+05:30	8
7205	9th	50.00	0763	\N	2025-06-16 22:02:52.040247+05:30	8
7206	9th	50.00	0958	\N	2025-06-16 22:02:52.042553+05:30	8
7207	9th	50.00	0962	\N	2025-06-16 22:02:52.043555+05:30	8
7208	9th	50.00	0978	\N	2025-06-16 22:02:52.045257+05:30	8
7209	9th	50.00	1076	\N	2025-06-16 22:02:52.046523+05:30	8
7210	9th	50.00	1156	\N	2025-06-16 22:02:52.04745+05:30	8
7211	9th	50.00	1179	\N	2025-06-16 22:02:52.048309+05:30	8
7212	9th	50.00	1260	\N	2025-06-16 22:02:52.049146+05:30	8
7213	9th	50.00	1310	\N	2025-06-16 22:02:52.049985+05:30	8
7214	9th	50.00	1427	\N	2025-06-16 22:02:52.050812+05:30	8
7215	9th	50.00	1454	\N	2025-06-16 22:02:52.051634+05:30	8
7216	9th	50.00	1543	\N	2025-06-16 22:02:52.052452+05:30	8
7217	9th	50.00	1593	\N	2025-06-16 22:02:52.053271+05:30	8
7218	9th	50.00	1653	\N	2025-06-16 22:02:52.054275+05:30	8
7219	9th	50.00	1678	\N	2025-06-16 22:02:52.055274+05:30	8
7220	9th	50.00	1847	\N	2025-06-16 22:02:52.055829+05:30	8
7221	9th	50.00	1928	\N	2025-06-16 22:02:52.057663+05:30	8
7222	9th	50.00	1959	\N	2025-06-16 22:02:52.057663+05:30	8
7223	9th	50.00	2049	\N	2025-06-16 22:02:52.057663+05:30	8
7224	9th	50.00	2271	\N	2025-06-16 22:02:52.057663+05:30	8
7225	9th	50.00	2399	\N	2025-06-16 22:02:52.057663+05:30	8
7226	9th	50.00	2447	\N	2025-06-16 22:02:52.057663+05:30	8
7227	9th	50.00	2474	\N	2025-06-16 22:02:52.057663+05:30	8
7228	9th	50.00	2592	\N	2025-06-16 22:02:52.057663+05:30	8
7229	9th	50.00	2760	\N	2025-06-16 22:02:52.057663+05:30	8
7230	9th	50.00	2788	\N	2025-06-16 22:02:52.057663+05:30	8
7231	9th	50.00	2814	\N	2025-06-16 22:02:52.057663+05:30	8
7232	9th	50.00	2983	\N	2025-06-16 22:02:52.057663+05:30	8
7233	9th	50.00	2990	\N	2025-06-16 22:02:52.057663+05:30	8
7234	9th	50.00	3091	\N	2025-06-16 22:02:52.057663+05:30	8
7235	9th	50.00	3163	\N	2025-06-16 22:02:52.057663+05:30	8
7236	9th	50.00	3272	\N	2025-06-16 22:02:52.057663+05:30	8
7237	9th	50.00	3290	\N	2025-06-16 22:02:52.074338+05:30	8
7238	9th	50.00	3351	\N	2025-06-16 22:02:52.075164+05:30	8
7239	9th	50.00	3412	\N	2025-06-16 22:02:52.075164+05:30	8
7240	9th	50.00	3437	\N	2025-06-16 22:02:52.075164+05:30	8
7241	9th	50.00	3515	\N	2025-06-16 22:02:52.075164+05:30	8
7242	9th	50.00	3643	\N	2025-06-16 22:02:52.075164+05:30	8
7243	9th	50.00	3685	\N	2025-06-16 22:02:52.075164+05:30	8
7244	9th	50.00	3760	\N	2025-06-16 22:02:52.075164+05:30	8
7245	9th	50.00	3850	\N	2025-06-16 22:02:52.075164+05:30	8
7246	9th	50.00	3925	\N	2025-06-16 22:02:52.075164+05:30	8
7247	9th	50.00	3972	\N	2025-06-16 22:02:52.075164+05:30	8
7248	9th	50.00	4211	\N	2025-06-16 22:02:52.075164+05:30	8
7249	9th	50.00	4223	\N	2025-06-16 22:02:52.075164+05:30	8
7250	9th	50.00	4394	\N	2025-06-16 22:02:52.075164+05:30	8
7251	9th	50.00	4417	\N	2025-06-16 22:02:52.075164+05:30	8
7252	9th	50.00	4580	\N	2025-06-16 22:02:52.09043+05:30	8
7253	9th	50.00	4661	\N	2025-06-16 22:02:52.090897+05:30	8
7254	9th	50.00	4682	\N	2025-06-16 22:02:52.090897+05:30	8
7255	9th	50.00	4810	\N	2025-06-16 22:02:52.090897+05:30	8
7256	9th	50.00	4875	\N	2025-06-16 22:02:52.090897+05:30	8
7257	9th	50.00	4910	\N	2025-06-16 22:02:52.090897+05:30	8
7258	9th	50.00	4994	\N	2025-06-16 22:02:52.090897+05:30	8
7259	9th	50.00	5192	\N	2025-06-16 22:02:52.090897+05:30	8
7260	9th	50.00	5198	\N	2025-06-16 22:02:52.090897+05:30	8
7261	9th	50.00	5275	\N	2025-06-16 22:02:52.090897+05:30	8
7262	9th	50.00	5291	\N	2025-06-16 22:02:52.090897+05:30	8
7263	9th	50.00	5295	\N	2025-06-16 22:02:52.090897+05:30	8
7264	9th	50.00	5405	\N	2025-06-16 22:02:52.090897+05:30	8
7265	9th	50.00	5704	\N	2025-06-16 22:02:52.090897+05:30	8
7266	9th	50.00	5744	\N	2025-06-16 22:02:52.090897+05:30	8
7267	9th	50.00	5788	\N	2025-06-16 22:02:52.090897+05:30	8
7268	9th	50.00	5817	\N	2025-06-16 22:02:52.108034+05:30	8
7269	9th	50.00	5843	\N	2025-06-16 22:02:52.10926+05:30	8
7270	9th	50.00	5929	\N	2025-06-16 22:02:52.111172+05:30	8
7271	9th	50.00	5949	\N	2025-06-16 22:02:52.112592+05:30	8
7272	9th	50.00	5993	\N	2025-06-16 22:02:52.113623+05:30	8
7273	9th	50.00	6042	\N	2025-06-16 22:02:52.114478+05:30	8
7274	9th	50.00	6060	\N	2025-06-16 22:02:52.115318+05:30	8
7275	9th	50.00	6177	\N	2025-06-16 22:02:52.116147+05:30	8
7276	9th	50.00	6188	\N	2025-06-16 22:02:52.116975+05:30	8
7277	9th	50.00	6211	\N	2025-06-16 22:02:52.1178+05:30	8
7278	9th	50.00	6218	\N	2025-06-16 22:02:52.118709+05:30	8
7279	9th	50.00	6246	\N	2025-06-16 22:02:52.11956+05:30	8
7280	9th	50.00	6264	\N	2025-06-16 22:02:52.120383+05:30	8
7281	9th	50.00	6279	\N	2025-06-16 22:02:52.121196+05:30	8
7282	9th	50.00	6403	\N	2025-06-16 22:02:52.122005+05:30	8
7283	9th	50.00	6483	\N	2025-06-16 22:02:52.122815+05:30	8
7284	9th	50.00	6550	\N	2025-06-16 22:02:52.124323+05:30	8
7285	9th	50.00	6624	\N	2025-06-16 22:02:52.124323+05:30	8
7286	9th	50.00	6673	\N	2025-06-16 22:02:52.124323+05:30	8
7287	9th	50.00	6800	\N	2025-06-16 22:02:52.124323+05:30	8
7288	9th	50.00	6811	\N	2025-06-16 22:02:52.124323+05:30	8
7289	9th	50.00	6855	\N	2025-06-16 22:02:52.124323+05:30	8
7290	9th	50.00	6858	\N	2025-06-16 22:02:52.124323+05:30	8
7291	9th	50.00	6869	\N	2025-06-16 22:02:52.124323+05:30	8
7292	9th	50.00	6919	\N	2025-06-16 22:02:52.124323+05:30	8
7293	9th	50.00	6941	\N	2025-06-16 22:02:52.124323+05:30	8
7294	9th	50.00	6948	\N	2025-06-16 22:02:52.124323+05:30	8
7295	9th	50.00	6958	\N	2025-06-16 22:02:52.124323+05:30	8
7296	9th	50.00	7097	\N	2025-06-16 22:02:52.124323+05:30	8
7297	9th	50.00	7170	\N	2025-06-16 22:02:52.124323+05:30	8
7298	9th	50.00	7189	\N	2025-06-16 22:02:52.124323+05:30	8
7299	9th	50.00	7218	\N	2025-06-16 22:02:52.124323+05:30	8
7300	9th	50.00	7243	\N	2025-06-16 22:02:52.140747+05:30	8
7301	9th	50.00	7253	\N	2025-06-16 22:02:52.141779+05:30	8
7302	9th	50.00	7311	\N	2025-06-16 22:02:52.141779+05:30	8
7303	9th	50.00	7369	\N	2025-06-16 22:02:52.141779+05:30	8
7304	9th	50.00	7456	\N	2025-06-16 22:02:52.141779+05:30	8
7305	9th	50.00	7615	\N	2025-06-16 22:02:52.141779+05:30	8
7306	9th	50.00	7645	\N	2025-06-16 22:02:52.141779+05:30	8
7307	9th	50.00	7687	\N	2025-06-16 22:02:52.141779+05:30	8
7308	9th	50.00	7711	\N	2025-06-16 22:02:52.141779+05:30	8
7309	9th	50.00	7741	\N	2025-06-16 22:02:52.141779+05:30	8
7310	9th	50.00	7773	\N	2025-06-16 22:02:52.141779+05:30	8
7311	9th	50.00	7838	\N	2025-06-16 22:02:52.141779+05:30	8
7312	9th	50.00	7912	\N	2025-06-16 22:02:52.141779+05:30	8
7313	9th	50.00	7991	\N	2025-06-16 22:02:52.141779+05:30	8
7314	9th	50.00	8048	\N	2025-06-16 22:02:52.141779+05:30	8
7315	9th	50.00	8150	\N	2025-06-16 22:02:52.157104+05:30	8
7316	9th	50.00	8160	\N	2025-06-16 22:02:52.157532+05:30	8
7317	9th	50.00	8171	\N	2025-06-16 22:02:52.157532+05:30	8
7318	9th	50.00	8236	\N	2025-06-16 22:02:52.157532+05:30	8
7319	9th	50.00	8346	\N	2025-06-16 22:02:52.157532+05:30	8
7320	9th	50.00	8372	\N	2025-06-16 22:02:52.157532+05:30	8
7321	9th	50.00	8386	\N	2025-06-16 22:02:52.157532+05:30	8
7322	9th	50.00	8426	\N	2025-06-16 22:02:52.157532+05:30	8
7323	9th	50.00	8433	\N	2025-06-16 22:02:52.157532+05:30	8
7324	9th	50.00	8519	\N	2025-06-16 22:02:52.157532+05:30	8
7325	9th	50.00	8547	\N	2025-06-16 22:02:52.157532+05:30	8
7326	9th	50.00	8662	\N	2025-06-16 22:02:52.157532+05:30	8
7327	9th	50.00	8847	\N	2025-06-16 22:02:52.157532+05:30	8
7328	9th	50.00	9022	\N	2025-06-16 22:02:52.157532+05:30	8
7329	consolation	5000.00	BA2773	\N	2025-06-16 22:02:52.157532+05:30	8
7330	consolation	5000.00	BN420044	\N	2025-06-16 22:02:52.157532+05:30	8
7331	consolation	5000.00	MN187348	\N	2025-06-16 22:02:52.174527+05:30	8
7332	consolation	5000.00	MN187348	\N	2025-06-16 22:02:52.176791+05:30	8
7333	consolation	5000.00	BN420044	\N	2025-06-16 22:02:52.178343+05:30	8
\.


--
-- Data for Name: users_user; Type: TABLE DATA; Schema: public; Owner: postgres
--

COPY public.users_user (id, password, last_login, is_superuser, phone_number, name, is_active, is_staff, date_joined, username) FROM stdin;
5	pbkdf2_sha256$1000000$2TaVjhMn5N8TKdjHGX8RwJ$dVL4jAIeAYTUY/LbTHUHMuIwBqMwYyik1N21iwFu4ao=	\N	f	1234567890	test1	t	f	2025-06-11 12:45:04.817422+05:30	user_1234567890
4	pbkdf2_sha256$1000000$Uzo8K7UVyC0NqMgD9z24GM$QmnYvqikCvA0bpWZ3FQ5UKPB4WXFm+s0mK9Ibahmetk=	2025-06-17 08:59:02.338094+05:30	t	7306902343	imran	f	f	2025-05-21 10:34:50.03132+05:30	imran
7	pbkdf2_sha256$1000000$ISWA47k1nn9oqDmh9gjkdz$/LBU/q17FxM5B41chMB6K9aL4AIh8ABLjOQMegTTcRA=	2025-06-18 12:28:02.78559+05:30	t	7306093136	imran	t	t	2025-06-17 09:01:18.336031+05:30	imran1
\.


--
-- Data for Name: users_user_groups; Type: TABLE DATA; Schema: public; Owner: postgres
--

COPY public.users_user_groups (id, user_id, group_id) FROM stdin;
\.


--
-- Data for Name: users_user_user_permissions; Type: TABLE DATA; Schema: public; Owner: postgres
--

COPY public.users_user_user_permissions (id, user_id, permission_id) FROM stdin;
\.


--
-- Name: auth_group_id_seq; Type: SEQUENCE SET; Schema: public; Owner: postgres
--

SELECT pg_catalog.setval('public.auth_group_id_seq', 1, false);


--
-- Name: auth_group_permissions_id_seq; Type: SEQUENCE SET; Schema: public; Owner: postgres
--

SELECT pg_catalog.setval('public.auth_group_permissions_id_seq', 1, false);


--
-- Name: auth_permission_id_seq; Type: SEQUENCE SET; Schema: public; Owner: postgres
--

SELECT pg_catalog.setval('public.auth_permission_id_seq', 96, true);


--
-- Name: django_admin_log_id_seq; Type: SEQUENCE SET; Schema: public; Owner: postgres
--

SELECT pg_catalog.setval('public.django_admin_log_id_seq', 33, true);


--
-- Name: django_content_type_id_seq; Type: SEQUENCE SET; Schema: public; Owner: postgres
--

SELECT pg_catalog.setval('public.django_content_type_id_seq', 24, true);


--
-- Name: django_migrations_id_seq; Type: SEQUENCE SET; Schema: public; Owner: postgres
--

SELECT pg_catalog.setval('public.django_migrations_id_seq', 36, true);


--
-- Name: lottery_consolationprize_id_seq; Type: SEQUENCE SET; Schema: public; Owner: postgres
--

SELECT pg_catalog.setval('public.lottery_consolationprize_id_seq', 1, false);


--
-- Name: lottery_eighthprize_id_seq; Type: SEQUENCE SET; Schema: public; Owner: postgres
--

SELECT pg_catalog.setval('public.lottery_eighthprize_id_seq', 1, false);


--
-- Name: lottery_fifthprize_id_seq; Type: SEQUENCE SET; Schema: public; Owner: postgres
--

SELECT pg_catalog.setval('public.lottery_fifthprize_id_seq', 1, false);


--
-- Name: lottery_firstprize_id_seq; Type: SEQUENCE SET; Schema: public; Owner: postgres
--

SELECT pg_catalog.setval('public.lottery_firstprize_id_seq', 1, true);


--
-- Name: lottery_fourthprize_id_seq; Type: SEQUENCE SET; Schema: public; Owner: postgres
--

SELECT pg_catalog.setval('public.lottery_fourthprize_id_seq', 1, false);


--
-- Name: lottery_lotterydraw_id_seq; Type: SEQUENCE SET; Schema: public; Owner: postgres
--

SELECT pg_catalog.setval('public.lottery_lotterydraw_id_seq', 11, true);


--
-- Name: lottery_lotterytype_id_seq; Type: SEQUENCE SET; Schema: public; Owner: postgres
--

SELECT pg_catalog.setval('public.lottery_lotterytype_id_seq', 7, true);


--
-- Name: lottery_ninthprize_id_seq; Type: SEQUENCE SET; Schema: public; Owner: postgres
--

SELECT pg_catalog.setval('public.lottery_ninthprize_id_seq', 1, false);


--
-- Name: lottery_secondprize_id_seq; Type: SEQUENCE SET; Schema: public; Owner: postgres
--

SELECT pg_catalog.setval('public.lottery_secondprize_id_seq', 1, false);


--
-- Name: lottery_seventhprize_id_seq; Type: SEQUENCE SET; Schema: public; Owner: postgres
--

SELECT pg_catalog.setval('public.lottery_seventhprize_id_seq', 1, false);


--
-- Name: lottery_sixthprize_id_seq; Type: SEQUENCE SET; Schema: public; Owner: postgres
--

SELECT pg_catalog.setval('public.lottery_sixthprize_id_seq', 3, true);


--
-- Name: lottery_tenthprize_id_seq; Type: SEQUENCE SET; Schema: public; Owner: postgres
--

SELECT pg_catalog.setval('public.lottery_tenthprize_id_seq', 1, false);


--
-- Name: lottery_thirdprize_id_seq; Type: SEQUENCE SET; Schema: public; Owner: postgres
--

SELECT pg_catalog.setval('public.lottery_thirdprize_id_seq', 1, false);


--
-- Name: results_lottery_id_seq; Type: SEQUENCE SET; Schema: public; Owner: postgres
--

SELECT pg_catalog.setval('public.results_lottery_id_seq', 3, true);


--
-- Name: results_lotteryresult_id_seq; Type: SEQUENCE SET; Schema: public; Owner: postgres
--

SELECT pg_catalog.setval('public.results_lotteryresult_id_seq', 9, true);


--
-- Name: results_prizeentry_id_seq; Type: SEQUENCE SET; Schema: public; Owner: postgres
--

SELECT pg_catalog.setval('public.results_prizeentry_id_seq', 7333, true);


--
-- Name: users_user_groups_id_seq; Type: SEQUENCE SET; Schema: public; Owner: postgres
--

SELECT pg_catalog.setval('public.users_user_groups_id_seq', 1, false);


--
-- Name: users_user_id_seq; Type: SEQUENCE SET; Schema: public; Owner: postgres
--

SELECT pg_catalog.setval('public.users_user_id_seq', 7, true);


--
-- Name: users_user_user_permissions_id_seq; Type: SEQUENCE SET; Schema: public; Owner: postgres
--

SELECT pg_catalog.setval('public.users_user_user_permissions_id_seq', 1, false);


--
-- Name: auth_group auth_group_name_key; Type: CONSTRAINT; Schema: public; Owner: postgres
--

ALTER TABLE ONLY public.auth_group
    ADD CONSTRAINT auth_group_name_key UNIQUE (name);


--
-- Name: auth_group_permissions auth_group_permissions_group_id_permission_id_0cd325b0_uniq; Type: CONSTRAINT; Schema: public; Owner: postgres
--

ALTER TABLE ONLY public.auth_group_permissions
    ADD CONSTRAINT auth_group_permissions_group_id_permission_id_0cd325b0_uniq UNIQUE (group_id, permission_id);


--
-- Name: auth_group_permissions auth_group_permissions_pkey; Type: CONSTRAINT; Schema: public; Owner: postgres
--

ALTER TABLE ONLY public.auth_group_permissions
    ADD CONSTRAINT auth_group_permissions_pkey PRIMARY KEY (id);


--
-- Name: auth_group auth_group_pkey; Type: CONSTRAINT; Schema: public; Owner: postgres
--

ALTER TABLE ONLY public.auth_group
    ADD CONSTRAINT auth_group_pkey PRIMARY KEY (id);


--
-- Name: auth_permission auth_permission_content_type_id_codename_01ab375a_uniq; Type: CONSTRAINT; Schema: public; Owner: postgres
--

ALTER TABLE ONLY public.auth_permission
    ADD CONSTRAINT auth_permission_content_type_id_codename_01ab375a_uniq UNIQUE (content_type_id, codename);


--
-- Name: auth_permission auth_permission_pkey; Type: CONSTRAINT; Schema: public; Owner: postgres
--

ALTER TABLE ONLY public.auth_permission
    ADD CONSTRAINT auth_permission_pkey PRIMARY KEY (id);


--
-- Name: django_admin_log django_admin_log_pkey; Type: CONSTRAINT; Schema: public; Owner: postgres
--

ALTER TABLE ONLY public.django_admin_log
    ADD CONSTRAINT django_admin_log_pkey PRIMARY KEY (id);


--
-- Name: django_content_type django_content_type_app_label_model_76bd3d3b_uniq; Type: CONSTRAINT; Schema: public; Owner: postgres
--

ALTER TABLE ONLY public.django_content_type
    ADD CONSTRAINT django_content_type_app_label_model_76bd3d3b_uniq UNIQUE (app_label, model);


--
-- Name: django_content_type django_content_type_pkey; Type: CONSTRAINT; Schema: public; Owner: postgres
--

ALTER TABLE ONLY public.django_content_type
    ADD CONSTRAINT django_content_type_pkey PRIMARY KEY (id);


--
-- Name: django_migrations django_migrations_pkey; Type: CONSTRAINT; Schema: public; Owner: postgres
--

ALTER TABLE ONLY public.django_migrations
    ADD CONSTRAINT django_migrations_pkey PRIMARY KEY (id);


--
-- Name: django_session django_session_pkey; Type: CONSTRAINT; Schema: public; Owner: postgres
--

ALTER TABLE ONLY public.django_session
    ADD CONSTRAINT django_session_pkey PRIMARY KEY (session_key);


--
-- Name: lottery_consolationprize lottery_consolationprize_pkey; Type: CONSTRAINT; Schema: public; Owner: postgres
--

ALTER TABLE ONLY public.lottery_consolationprize
    ADD CONSTRAINT lottery_consolationprize_pkey PRIMARY KEY (id);


--
-- Name: lottery_eighthprize lottery_eighthprize_pkey; Type: CONSTRAINT; Schema: public; Owner: postgres
--

ALTER TABLE ONLY public.lottery_eighthprize
    ADD CONSTRAINT lottery_eighthprize_pkey PRIMARY KEY (id);


--
-- Name: lottery_fifthprize lottery_fifthprize_pkey; Type: CONSTRAINT; Schema: public; Owner: postgres
--

ALTER TABLE ONLY public.lottery_fifthprize
    ADD CONSTRAINT lottery_fifthprize_pkey PRIMARY KEY (id);


--
-- Name: lottery_firstprize lottery_firstprize_draw_id_key; Type: CONSTRAINT; Schema: public; Owner: postgres
--

ALTER TABLE ONLY public.lottery_firstprize
    ADD CONSTRAINT lottery_firstprize_draw_id_key UNIQUE (draw_id);


--
-- Name: lottery_firstprize lottery_firstprize_pkey; Type: CONSTRAINT; Schema: public; Owner: postgres
--

ALTER TABLE ONLY public.lottery_firstprize
    ADD CONSTRAINT lottery_firstprize_pkey PRIMARY KEY (id);


--
-- Name: lottery_fourthprize lottery_fourthprize_draw_id_key; Type: CONSTRAINT; Schema: public; Owner: postgres
--

ALTER TABLE ONLY public.lottery_fourthprize
    ADD CONSTRAINT lottery_fourthprize_draw_id_key UNIQUE (draw_id);


--
-- Name: lottery_fourthprize lottery_fourthprize_pkey; Type: CONSTRAINT; Schema: public; Owner: postgres
--

ALTER TABLE ONLY public.lottery_fourthprize
    ADD CONSTRAINT lottery_fourthprize_pkey PRIMARY KEY (id);


--
-- Name: lottery_lotterydraw lottery_lotterydraw_lottery_type_id_draw_number_1187022a_uniq; Type: CONSTRAINT; Schema: public; Owner: postgres
--

ALTER TABLE ONLY public.lottery_lotterydraw
    ADD CONSTRAINT lottery_lotterydraw_lottery_type_id_draw_number_1187022a_uniq UNIQUE (lottery_type_id, draw_number);


--
-- Name: lottery_lotterydraw lottery_lotterydraw_pkey; Type: CONSTRAINT; Schema: public; Owner: postgres
--

ALTER TABLE ONLY public.lottery_lotterydraw
    ADD CONSTRAINT lottery_lotterydraw_pkey PRIMARY KEY (id);


--
-- Name: lottery_lotterydraw lottery_lotterydraw_result_id_key; Type: CONSTRAINT; Schema: public; Owner: postgres
--

ALTER TABLE ONLY public.lottery_lotterydraw
    ADD CONSTRAINT lottery_lotterydraw_result_id_key UNIQUE (result_id);


--
-- Name: lottery_lotterytype lottery_lotterytype_pkey; Type: CONSTRAINT; Schema: public; Owner: postgres
--

ALTER TABLE ONLY public.lottery_lotterytype
    ADD CONSTRAINT lottery_lotterytype_pkey PRIMARY KEY (id);


--
-- Name: lottery_ninthprize lottery_ninthprize_pkey; Type: CONSTRAINT; Schema: public; Owner: postgres
--

ALTER TABLE ONLY public.lottery_ninthprize
    ADD CONSTRAINT lottery_ninthprize_pkey PRIMARY KEY (id);


--
-- Name: lottery_secondprize lottery_secondprize_draw_id_key; Type: CONSTRAINT; Schema: public; Owner: postgres
--

ALTER TABLE ONLY public.lottery_secondprize
    ADD CONSTRAINT lottery_secondprize_draw_id_key UNIQUE (draw_id);


--
-- Name: lottery_secondprize lottery_secondprize_pkey; Type: CONSTRAINT; Schema: public; Owner: postgres
--

ALTER TABLE ONLY public.lottery_secondprize
    ADD CONSTRAINT lottery_secondprize_pkey PRIMARY KEY (id);


--
-- Name: lottery_seventhprize lottery_seventhprize_pkey; Type: CONSTRAINT; Schema: public; Owner: postgres
--

ALTER TABLE ONLY public.lottery_seventhprize
    ADD CONSTRAINT lottery_seventhprize_pkey PRIMARY KEY (id);


--
-- Name: lottery_sixthprize lottery_sixthprize_pkey; Type: CONSTRAINT; Schema: public; Owner: postgres
--

ALTER TABLE ONLY public.lottery_sixthprize
    ADD CONSTRAINT lottery_sixthprize_pkey PRIMARY KEY (id);


--
-- Name: lottery_tenthprize lottery_tenthprize_pkey; Type: CONSTRAINT; Schema: public; Owner: postgres
--

ALTER TABLE ONLY public.lottery_tenthprize
    ADD CONSTRAINT lottery_tenthprize_pkey PRIMARY KEY (id);


--
-- Name: lottery_thirdprize lottery_thirdprize_draw_id_key; Type: CONSTRAINT; Schema: public; Owner: postgres
--

ALTER TABLE ONLY public.lottery_thirdprize
    ADD CONSTRAINT lottery_thirdprize_draw_id_key UNIQUE (draw_id);


--
-- Name: lottery_thirdprize lottery_thirdprize_pkey; Type: CONSTRAINT; Schema: public; Owner: postgres
--

ALTER TABLE ONLY public.lottery_thirdprize
    ADD CONSTRAINT lottery_thirdprize_pkey PRIMARY KEY (id);


--
-- Name: results_lottery results_lottery_pkey; Type: CONSTRAINT; Schema: public; Owner: postgres
--

ALTER TABLE ONLY public.results_lottery
    ADD CONSTRAINT results_lottery_pkey PRIMARY KEY (id);


--
-- Name: results_lotteryresult results_lotteryresult_lottery_id_draw_number_date_c4940fbe_uniq; Type: CONSTRAINT; Schema: public; Owner: postgres
--

ALTER TABLE ONLY public.results_lotteryresult
    ADD CONSTRAINT results_lotteryresult_lottery_id_draw_number_date_c4940fbe_uniq UNIQUE (lottery_id, draw_number, date);


--
-- Name: results_lotteryresult results_lotteryresult_pkey; Type: CONSTRAINT; Schema: public; Owner: postgres
--

ALTER TABLE ONLY public.results_lotteryresult
    ADD CONSTRAINT results_lotteryresult_pkey PRIMARY KEY (id);


--
-- Name: results_lotteryresult results_lotteryresult_unique_id_4697c830_uniq; Type: CONSTRAINT; Schema: public; Owner: postgres
--

ALTER TABLE ONLY public.results_lotteryresult
    ADD CONSTRAINT results_lotteryresult_unique_id_4697c830_uniq UNIQUE (unique_id);


--
-- Name: results_prizeentry results_prizeentry_pkey; Type: CONSTRAINT; Schema: public; Owner: postgres
--

ALTER TABLE ONLY public.results_prizeentry
    ADD CONSTRAINT results_prizeentry_pkey PRIMARY KEY (id);


--
-- Name: users_user_groups users_user_groups_pkey; Type: CONSTRAINT; Schema: public; Owner: postgres
--

ALTER TABLE ONLY public.users_user_groups
    ADD CONSTRAINT users_user_groups_pkey PRIMARY KEY (id);


--
-- Name: users_user_groups users_user_groups_user_id_group_id_b88eab82_uniq; Type: CONSTRAINT; Schema: public; Owner: postgres
--

ALTER TABLE ONLY public.users_user_groups
    ADD CONSTRAINT users_user_groups_user_id_group_id_b88eab82_uniq UNIQUE (user_id, group_id);


--
-- Name: users_user users_user_phone_number_key; Type: CONSTRAINT; Schema: public; Owner: postgres
--

ALTER TABLE ONLY public.users_user
    ADD CONSTRAINT users_user_phone_number_key UNIQUE (phone_number);


--
-- Name: users_user users_user_pkey; Type: CONSTRAINT; Schema: public; Owner: postgres
--

ALTER TABLE ONLY public.users_user
    ADD CONSTRAINT users_user_pkey PRIMARY KEY (id);


--
-- Name: users_user_user_permissions users_user_user_permissions_pkey; Type: CONSTRAINT; Schema: public; Owner: postgres
--

ALTER TABLE ONLY public.users_user_user_permissions
    ADD CONSTRAINT users_user_user_permissions_pkey PRIMARY KEY (id);


--
-- Name: users_user_user_permissions users_user_user_permissions_user_id_permission_id_43338c45_uniq; Type: CONSTRAINT; Schema: public; Owner: postgres
--

ALTER TABLE ONLY public.users_user_user_permissions
    ADD CONSTRAINT users_user_user_permissions_user_id_permission_id_43338c45_uniq UNIQUE (user_id, permission_id);


--
-- Name: users_user users_user_username_key; Type: CONSTRAINT; Schema: public; Owner: postgres
--

ALTER TABLE ONLY public.users_user
    ADD CONSTRAINT users_user_username_key UNIQUE (username);


--
-- Name: auth_group_name_a6ea08ec_like; Type: INDEX; Schema: public; Owner: postgres
--

CREATE INDEX auth_group_name_a6ea08ec_like ON public.auth_group USING btree (name varchar_pattern_ops);


--
-- Name: auth_group_permissions_group_id_b120cbf9; Type: INDEX; Schema: public; Owner: postgres
--

CREATE INDEX auth_group_permissions_group_id_b120cbf9 ON public.auth_group_permissions USING btree (group_id);


--
-- Name: auth_group_permissions_permission_id_84c5c92e; Type: INDEX; Schema: public; Owner: postgres
--

CREATE INDEX auth_group_permissions_permission_id_84c5c92e ON public.auth_group_permissions USING btree (permission_id);


--
-- Name: auth_permission_content_type_id_2f476e4b; Type: INDEX; Schema: public; Owner: postgres
--

CREATE INDEX auth_permission_content_type_id_2f476e4b ON public.auth_permission USING btree (content_type_id);


--
-- Name: django_admin_log_content_type_id_c4bce8eb; Type: INDEX; Schema: public; Owner: postgres
--

CREATE INDEX django_admin_log_content_type_id_c4bce8eb ON public.django_admin_log USING btree (content_type_id);


--
-- Name: django_admin_log_user_id_c564eba6; Type: INDEX; Schema: public; Owner: postgres
--

CREATE INDEX django_admin_log_user_id_c564eba6 ON public.django_admin_log USING btree (user_id);


--
-- Name: django_session_expire_date_a5c62663; Type: INDEX; Schema: public; Owner: postgres
--

CREATE INDEX django_session_expire_date_a5c62663 ON public.django_session USING btree (expire_date);


--
-- Name: django_session_session_key_c0390e0f_like; Type: INDEX; Schema: public; Owner: postgres
--

CREATE INDEX django_session_session_key_c0390e0f_like ON public.django_session USING btree (session_key varchar_pattern_ops);


--
-- Name: lottery_consolationprize_draw_id_100117d4; Type: INDEX; Schema: public; Owner: postgres
--

CREATE INDEX lottery_consolationprize_draw_id_100117d4 ON public.lottery_consolationprize USING btree (draw_id);


--
-- Name: lottery_eighthprize_draw_id_293365bc; Type: INDEX; Schema: public; Owner: postgres
--

CREATE INDEX lottery_eighthprize_draw_id_293365bc ON public.lottery_eighthprize USING btree (draw_id);


--
-- Name: lottery_fifthprize_draw_id_e17fba54; Type: INDEX; Schema: public; Owner: postgres
--

CREATE INDEX lottery_fifthprize_draw_id_e17fba54 ON public.lottery_fifthprize USING btree (draw_id);


--
-- Name: lottery_lot_draw_da_b80113_idx; Type: INDEX; Schema: public; Owner: postgres
--

CREATE INDEX lottery_lot_draw_da_b80113_idx ON public.lottery_lotterydraw USING btree (draw_date, result_declared);


--
-- Name: lottery_lot_result__68d7c8_idx; Type: INDEX; Schema: public; Owner: postgres
--

CREATE INDEX lottery_lot_result__68d7c8_idx ON public.lottery_lotterydraw USING btree (result_declared, draw_date);


--
-- Name: lottery_lotterydraw_draw_date_97343129; Type: INDEX; Schema: public; Owner: postgres
--

CREATE INDEX lottery_lotterydraw_draw_date_97343129 ON public.lottery_lotterydraw USING btree (draw_date);


--
-- Name: lottery_lotterydraw_lottery_type_id_42412ee4; Type: INDEX; Schema: public; Owner: postgres
--

CREATE INDEX lottery_lotterydraw_lottery_type_id_42412ee4 ON public.lottery_lotterydraw USING btree (lottery_type_id);


--
-- Name: lottery_lotterydraw_result_declared_6d60190b; Type: INDEX; Schema: public; Owner: postgres
--

CREATE INDEX lottery_lotterydraw_result_declared_6d60190b ON public.lottery_lotterydraw USING btree (result_declared);


--
-- Name: lottery_lotterydraw_result_id_c8733359_like; Type: INDEX; Schema: public; Owner: postgres
--

CREATE INDEX lottery_lotterydraw_result_id_c8733359_like ON public.lottery_lotterydraw USING btree (result_id varchar_pattern_ops);


--
-- Name: lottery_ninthprize_draw_id_99a7970c; Type: INDEX; Schema: public; Owner: postgres
--

CREATE INDEX lottery_ninthprize_draw_id_99a7970c ON public.lottery_ninthprize USING btree (draw_id);


--
-- Name: lottery_seventhprize_draw_id_ebc97b22; Type: INDEX; Schema: public; Owner: postgres
--

CREATE INDEX lottery_seventhprize_draw_id_ebc97b22 ON public.lottery_seventhprize USING btree (draw_id);


--
-- Name: lottery_sixthprize_draw_id_22608671; Type: INDEX; Schema: public; Owner: postgres
--

CREATE INDEX lottery_sixthprize_draw_id_22608671 ON public.lottery_sixthprize USING btree (draw_id);


--
-- Name: lottery_tenthprize_draw_id_484bcf0c; Type: INDEX; Schema: public; Owner: postgres
--

CREATE INDEX lottery_tenthprize_draw_id_484bcf0c ON public.lottery_tenthprize USING btree (draw_id);


--
-- Name: results_lotteryresult_lottery_id_75616914; Type: INDEX; Schema: public; Owner: postgres
--

CREATE INDEX results_lotteryresult_lottery_id_75616914 ON public.results_lotteryresult USING btree (lottery_id);


--
-- Name: results_prizeentry_lottery_result_id_5f99d162; Type: INDEX; Schema: public; Owner: postgres
--

CREATE INDEX results_prizeentry_lottery_result_id_5f99d162 ON public.results_prizeentry USING btree (lottery_result_id);


--
-- Name: users_user_groups_group_id_9afc8d0e; Type: INDEX; Schema: public; Owner: postgres
--

CREATE INDEX users_user_groups_group_id_9afc8d0e ON public.users_user_groups USING btree (group_id);


--
-- Name: users_user_groups_user_id_5f6f5a90; Type: INDEX; Schema: public; Owner: postgres
--

CREATE INDEX users_user_groups_user_id_5f6f5a90 ON public.users_user_groups USING btree (user_id);


--
-- Name: users_user_phone_number_aff54ffd_like; Type: INDEX; Schema: public; Owner: postgres
--

CREATE INDEX users_user_phone_number_aff54ffd_like ON public.users_user USING btree (phone_number varchar_pattern_ops);


--
-- Name: users_user_user_permissions_permission_id_0b93982e; Type: INDEX; Schema: public; Owner: postgres
--

CREATE INDEX users_user_user_permissions_permission_id_0b93982e ON public.users_user_user_permissions USING btree (permission_id);


--
-- Name: users_user_user_permissions_user_id_20aca447; Type: INDEX; Schema: public; Owner: postgres
--

CREATE INDEX users_user_user_permissions_user_id_20aca447 ON public.users_user_user_permissions USING btree (user_id);


--
-- Name: users_user_username_06e46fe6_like; Type: INDEX; Schema: public; Owner: postgres
--

CREATE INDEX users_user_username_06e46fe6_like ON public.users_user USING btree (username varchar_pattern_ops);


--
-- Name: auth_group_permissions auth_group_permissio_permission_id_84c5c92e_fk_auth_perm; Type: FK CONSTRAINT; Schema: public; Owner: postgres
--

ALTER TABLE ONLY public.auth_group_permissions
    ADD CONSTRAINT auth_group_permissio_permission_id_84c5c92e_fk_auth_perm FOREIGN KEY (permission_id) REFERENCES public.auth_permission(id) DEFERRABLE INITIALLY DEFERRED;


--
-- Name: auth_group_permissions auth_group_permissions_group_id_b120cbf9_fk_auth_group_id; Type: FK CONSTRAINT; Schema: public; Owner: postgres
--

ALTER TABLE ONLY public.auth_group_permissions
    ADD CONSTRAINT auth_group_permissions_group_id_b120cbf9_fk_auth_group_id FOREIGN KEY (group_id) REFERENCES public.auth_group(id) DEFERRABLE INITIALLY DEFERRED;


--
-- Name: auth_permission auth_permission_content_type_id_2f476e4b_fk_django_co; Type: FK CONSTRAINT; Schema: public; Owner: postgres
--

ALTER TABLE ONLY public.auth_permission
    ADD CONSTRAINT auth_permission_content_type_id_2f476e4b_fk_django_co FOREIGN KEY (content_type_id) REFERENCES public.django_content_type(id) DEFERRABLE INITIALLY DEFERRED;


--
-- Name: django_admin_log django_admin_log_content_type_id_c4bce8eb_fk_django_co; Type: FK CONSTRAINT; Schema: public; Owner: postgres
--

ALTER TABLE ONLY public.django_admin_log
    ADD CONSTRAINT django_admin_log_content_type_id_c4bce8eb_fk_django_co FOREIGN KEY (content_type_id) REFERENCES public.django_content_type(id) DEFERRABLE INITIALLY DEFERRED;


--
-- Name: django_admin_log django_admin_log_user_id_c564eba6_fk_users_user_id; Type: FK CONSTRAINT; Schema: public; Owner: postgres
--

ALTER TABLE ONLY public.django_admin_log
    ADD CONSTRAINT django_admin_log_user_id_c564eba6_fk_users_user_id FOREIGN KEY (user_id) REFERENCES public.users_user(id) DEFERRABLE INITIALLY DEFERRED;


--
-- Name: lottery_consolationprize lottery_consolationp_draw_id_100117d4_fk_lottery_l; Type: FK CONSTRAINT; Schema: public; Owner: postgres
--

ALTER TABLE ONLY public.lottery_consolationprize
    ADD CONSTRAINT lottery_consolationp_draw_id_100117d4_fk_lottery_l FOREIGN KEY (draw_id) REFERENCES public.lottery_lotterydraw(id) DEFERRABLE INITIALLY DEFERRED;


--
-- Name: lottery_eighthprize lottery_eighthprize_draw_id_293365bc_fk_lottery_lotterydraw_id; Type: FK CONSTRAINT; Schema: public; Owner: postgres
--

ALTER TABLE ONLY public.lottery_eighthprize
    ADD CONSTRAINT lottery_eighthprize_draw_id_293365bc_fk_lottery_lotterydraw_id FOREIGN KEY (draw_id) REFERENCES public.lottery_lotterydraw(id) DEFERRABLE INITIALLY DEFERRED;


--
-- Name: lottery_fifthprize lottery_fifthprize_draw_id_e17fba54_fk_lottery_lotterydraw_id; Type: FK CONSTRAINT; Schema: public; Owner: postgres
--

ALTER TABLE ONLY public.lottery_fifthprize
    ADD CONSTRAINT lottery_fifthprize_draw_id_e17fba54_fk_lottery_lotterydraw_id FOREIGN KEY (draw_id) REFERENCES public.lottery_lotterydraw(id) DEFERRABLE INITIALLY DEFERRED;


--
-- Name: lottery_firstprize lottery_firstprize_draw_id_537c6c38_fk_lottery_lotterydraw_id; Type: FK CONSTRAINT; Schema: public; Owner: postgres
--

ALTER TABLE ONLY public.lottery_firstprize
    ADD CONSTRAINT lottery_firstprize_draw_id_537c6c38_fk_lottery_lotterydraw_id FOREIGN KEY (draw_id) REFERENCES public.lottery_lotterydraw(id) DEFERRABLE INITIALLY DEFERRED;


--
-- Name: lottery_fourthprize lottery_fourthprize_draw_id_a34e93fd_fk_lottery_lotterydraw_id; Type: FK CONSTRAINT; Schema: public; Owner: postgres
--

ALTER TABLE ONLY public.lottery_fourthprize
    ADD CONSTRAINT lottery_fourthprize_draw_id_a34e93fd_fk_lottery_lotterydraw_id FOREIGN KEY (draw_id) REFERENCES public.lottery_lotterydraw(id) DEFERRABLE INITIALLY DEFERRED;


--
-- Name: lottery_lotterydraw lottery_lotterydraw_lottery_type_id_42412ee4_fk_lottery_l; Type: FK CONSTRAINT; Schema: public; Owner: postgres
--

ALTER TABLE ONLY public.lottery_lotterydraw
    ADD CONSTRAINT lottery_lotterydraw_lottery_type_id_42412ee4_fk_lottery_l FOREIGN KEY (lottery_type_id) REFERENCES public.lottery_lotterytype(id) DEFERRABLE INITIALLY DEFERRED;


--
-- Name: lottery_ninthprize lottery_ninthprize_draw_id_99a7970c_fk_lottery_lotterydraw_id; Type: FK CONSTRAINT; Schema: public; Owner: postgres
--

ALTER TABLE ONLY public.lottery_ninthprize
    ADD CONSTRAINT lottery_ninthprize_draw_id_99a7970c_fk_lottery_lotterydraw_id FOREIGN KEY (draw_id) REFERENCES public.lottery_lotterydraw(id) DEFERRABLE INITIALLY DEFERRED;


--
-- Name: lottery_secondprize lottery_secondprize_draw_id_30192e07_fk_lottery_lotterydraw_id; Type: FK CONSTRAINT; Schema: public; Owner: postgres
--

ALTER TABLE ONLY public.lottery_secondprize
    ADD CONSTRAINT lottery_secondprize_draw_id_30192e07_fk_lottery_lotterydraw_id FOREIGN KEY (draw_id) REFERENCES public.lottery_lotterydraw(id) DEFERRABLE INITIALLY DEFERRED;


--
-- Name: lottery_seventhprize lottery_seventhprize_draw_id_ebc97b22_fk_lottery_lotterydraw_id; Type: FK CONSTRAINT; Schema: public; Owner: postgres
--

ALTER TABLE ONLY public.lottery_seventhprize
    ADD CONSTRAINT lottery_seventhprize_draw_id_ebc97b22_fk_lottery_lotterydraw_id FOREIGN KEY (draw_id) REFERENCES public.lottery_lotterydraw(id) DEFERRABLE INITIALLY DEFERRED;


--
-- Name: lottery_sixthprize lottery_sixthprize_draw_id_22608671_fk_lottery_lotterydraw_id; Type: FK CONSTRAINT; Schema: public; Owner: postgres
--

ALTER TABLE ONLY public.lottery_sixthprize
    ADD CONSTRAINT lottery_sixthprize_draw_id_22608671_fk_lottery_lotterydraw_id FOREIGN KEY (draw_id) REFERENCES public.lottery_lotterydraw(id) DEFERRABLE INITIALLY DEFERRED;


--
-- Name: lottery_tenthprize lottery_tenthprize_draw_id_484bcf0c_fk_lottery_lotterydraw_id; Type: FK CONSTRAINT; Schema: public; Owner: postgres
--

ALTER TABLE ONLY public.lottery_tenthprize
    ADD CONSTRAINT lottery_tenthprize_draw_id_484bcf0c_fk_lottery_lotterydraw_id FOREIGN KEY (draw_id) REFERENCES public.lottery_lotterydraw(id) DEFERRABLE INITIALLY DEFERRED;


--
-- Name: lottery_thirdprize lottery_thirdprize_draw_id_25b39bd5_fk_lottery_lotterydraw_id; Type: FK CONSTRAINT; Schema: public; Owner: postgres
--

ALTER TABLE ONLY public.lottery_thirdprize
    ADD CONSTRAINT lottery_thirdprize_draw_id_25b39bd5_fk_lottery_lotterydraw_id FOREIGN KEY (draw_id) REFERENCES public.lottery_lotterydraw(id) DEFERRABLE INITIALLY DEFERRED;


--
-- Name: results_lotteryresult results_lotteryresult_lottery_id_75616914_fk_results_lottery_id; Type: FK CONSTRAINT; Schema: public; Owner: postgres
--

ALTER TABLE ONLY public.results_lotteryresult
    ADD CONSTRAINT results_lotteryresult_lottery_id_75616914_fk_results_lottery_id FOREIGN KEY (lottery_id) REFERENCES public.results_lottery(id) DEFERRABLE INITIALLY DEFERRED;


--
-- Name: results_prizeentry results_prizeentry_lottery_result_id_5f99d162_fk_results_l; Type: FK CONSTRAINT; Schema: public; Owner: postgres
--

ALTER TABLE ONLY public.results_prizeentry
    ADD CONSTRAINT results_prizeentry_lottery_result_id_5f99d162_fk_results_l FOREIGN KEY (lottery_result_id) REFERENCES public.results_lotteryresult(id) DEFERRABLE INITIALLY DEFERRED;


--
-- Name: users_user_groups users_user_groups_group_id_9afc8d0e_fk_auth_group_id; Type: FK CONSTRAINT; Schema: public; Owner: postgres
--

ALTER TABLE ONLY public.users_user_groups
    ADD CONSTRAINT users_user_groups_group_id_9afc8d0e_fk_auth_group_id FOREIGN KEY (group_id) REFERENCES public.auth_group(id) DEFERRABLE INITIALLY DEFERRED;


--
-- Name: users_user_groups users_user_groups_user_id_5f6f5a90_fk_users_user_id; Type: FK CONSTRAINT; Schema: public; Owner: postgres
--

ALTER TABLE ONLY public.users_user_groups
    ADD CONSTRAINT users_user_groups_user_id_5f6f5a90_fk_users_user_id FOREIGN KEY (user_id) REFERENCES public.users_user(id) DEFERRABLE INITIALLY DEFERRED;


--
-- Name: users_user_user_permissions users_user_user_perm_permission_id_0b93982e_fk_auth_perm; Type: FK CONSTRAINT; Schema: public; Owner: postgres
--

ALTER TABLE ONLY public.users_user_user_permissions
    ADD CONSTRAINT users_user_user_perm_permission_id_0b93982e_fk_auth_perm FOREIGN KEY (permission_id) REFERENCES public.auth_permission(id) DEFERRABLE INITIALLY DEFERRED;


--
-- Name: users_user_user_permissions users_user_user_permissions_user_id_20aca447_fk_users_user_id; Type: FK CONSTRAINT; Schema: public; Owner: postgres
--

ALTER TABLE ONLY public.users_user_user_permissions
    ADD CONSTRAINT users_user_user_permissions_user_id_20aca447_fk_users_user_id FOREIGN KEY (user_id) REFERENCES public.users_user(id) DEFERRABLE INITIALLY DEFERRED;


--
-- PostgreSQL database dump complete
--

